Date,CAPE
1881-02-28,18.147258164990234
1881-03-31,18.270119140204997
1881-04-30,17.950108278222896
1881-05-31,18.869718693152596
1881-06-30,19.028710731115783
1881-07-31,18.116367187389745
1881-08-31,17.28624355397345
1881-09-30,16.724836648772904
1881-01-31,16.26198941118135
1881-11-30,16.47864231664487
1881-12-31,15.958754206105077
1882-01-31,15.678764160028742
1882-02-28,15.153861528363038
1882-03-31,15.091670299486742
1882-04-30,14.916997168375296
1882-05-31,14.567103202191758
1882-06-30,14.32740489013167
1882-07-31,15.240559761217824
1882-08-31,15.52542933146303
1882-09-30,16.081106624462315
1882-01-31,15.755581030526557
1882-11-30,15.192670313165339
1882-12-31,15.382128332081972
1883-01-31,15.27025911909857
1883-02-28,14.757590146176222
1883-03-31,15.051254121401636
1883-04-30,15.48206722203667
1883-05-31,15.335497637337063
1883-06-30,15.903388388583792
1883-07-31,15.948783127017023
1883-08-31,15.196810876629845
1883-09-30,15.494692425793453
1883-01-31,15.048056270223832
1883-11-30,15.408218142448863
1883-12-31,14.89640394188716
1884-01-31,14.43282172197072
1884-02-29,14.805960228816703
1884-03-31,14.736023454014463
1884-04-30,14.353453682579465
1884-05-31,13.4650503138049
1884-06-30,12.906876483666855
1884-07-31,13.043931585991663
1884-08-31,13.859813341769314
1884-09-30,13.569154744335714
1884-01-31,13.273251319134147
1884-11-30,13.304437602119721
1884-12-31,13.432292746944754
1885-01-31,13.129817425635954
1885-02-28,13.384817593597957
1885-03-31,13.734194093452503
1885-04-30,13.548548541030048
1885-05-31,13.711371872561928
1885-06-30,13.978784368698339
1885-07-31,14.32665877708931
1885-08-31,15.130410796707142
1885-09-30,15.116285028724228
1885-01-31,15.99102396216897
1885-11-30,16.82403449861901
1885-12-31,16.304475952278516
1886-01-31,16.69231747079764
1886-02-28,17.006648259460984
1886-03-31,16.84326610157012
1886-04-30,16.80171613124629
1886-05-31,16.863195515097814
1886-06-30,17.831494055376872
1886-07-31,17.845845041532197
1886-08-31,17.723912799619256
1886-09-30,18.147143925800016
1886-01-31,18.56238134286655
1886-11-30,18.968312634942823
1886-12-31,18.19405755688643
1887-01-31,17.512222096304942
1887-02-28,17.125366596972306
1887-03-31,17.47321371151375
1887-04-30,17.822983639100705
1887-05-31,18.075445427458238
1887-06-30,17.707695663272983
1887-07-31,17.431460535613063
1887-08-31,16.739849614820702
1887-09-30,16.676629667380137
1887-01-31,15.880666812517305
1887-11-30,15.95071220106677
1887-12-31,15.455513454469942
1888-01-31,15.358662514259898
1888-02-29,15.418178318820534
1888-03-31,14.808972366946564
1888-04-30,15.020108681844459
1888-05-31,15.38791695722913
1888-06-30,15.077628818434688
1888-07-31,15.279642515498173
1888-08-31,15.602911670088803
1888-09-30,15.987828821761417
1888-01-31,15.715941874329705
1888-11-30,15.223749016946282
1888-12-31,14.946748301089228
1889-01-31,15.802286071028162
1889-02-28,16.19272044784899
1889-03-31,16.065045360769286
1889-04-30,16.05010453396748
1889-05-31,16.915421076068377
1889-06-30,17.21930294394768
1889-07-31,16.889214491107513
1889-08-31,17.131853975345724
1889-09-30,17.350788026348592
1889-01-31,17.053214402955483
1889-11-30,16.906021170249364
1889-12-31,16.610338076603387
1890-01-31,17.2200719821819
1890-02-28,17.026814982671407
1890-03-31,16.901122288589907
1890-04-30,17.257854542603194
1890-05-31,17.786430487858617
1890-06-30,17.684360844450158
1890-07-31,17.589295440864856
1890-08-31,16.596791133979096
1890-09-30,16.169702000615295
1890-01-31,15.482849163344431
1890-11-30,14.745043493292798
1890-12-31,14.442991231338436
1891-01-31,15.428980086469092
1891-02-28,15.47652233243254
1891-03-31,15.051623357657384
1891-04-30,15.408945125474121
1891-05-31,15.566495230713251
1891-06-30,15.65821139563815
1891-07-31,15.61791923864599
1891-08-31,16.163998509963037
1891-09-30,17.71126141325653
1891-01-31,17.716568589826366
1891-11-30,17.671739174764003
1891-12-31,18.20630300020994
1892-01-31,19.016388404225275
1892-02-29,19.036425040978443
1892-03-31,19.738054849323017
1892-04-30,19.943265241638645
1892-05-31,19.911465213489812
1892-06-30,19.769284397136744
1892-07-31,19.211886434505562
1892-08-31,19.20430380317383
1892-09-30,18.69427180958821
1892-01-31,19.040214915324718
1892-11-30,18.463312690800002
1892-12-31,18.013009251275747
1893-01-31,17.656643708098784
1893-02-28,17.12519385487246
1893-03-31,16.89958903158233
1893-04-30,17.10254157825493
1893-05-31,15.780987310776261
1893-06-30,15.416503863597699
1893-07-31,14.349854182760957
1893-08-31,14.58805653580782
1893-09-30,15.012069079138772
1893-01-31,15.271794153520199
1893-11-30,15.94241140057168
1893-12-31,15.612694335464942
1894-01-31,15.739869351948231
1894-02-28,16.202736596449935
1894-03-31,17.18762208812194
1894-04-30,17.43484907805246
1894-05-31,16.80875192091801
1894-06-30,16.606319695292534
1894-07-31,16.289679714916954
1894-08-31,16.45777707299837
1894-09-30,16.522315444877222
1894-01-31,16.502904205708433
1894-11-30,16.54278444744456
1894-12-31,16.672466333767733
1895-01-31,16.52444393516272
1895-02-28,16.331237693211406
1895-03-31,16.3646254271748
1895-04-30,16.3875438236863
1895-05-31,17.080369553382393
1895-06-30,17.207413539783392
1895-07-31,17.54601464874056
1895-08-31,18.074072547241798
1895-09-30,18.20033594660547
1895-01-31,17.944706622466477
1895-11-30,17.342998991921693
1895-12-31,16.54841515666796
1896-01-31,16.57622482856819
1896-02-29,17.51540335263727
1896-03-31,17.232362712298606
1896-04-30,17.64369937813
1896-05-31,17.828266894232822
1896-06-30,17.777578616430464
1896-07-31,16.637100103394577
1896-08-31,15.70337054622687
1896-09-30,16.54433994303201
1896-01-31,16.43886680472588
1896-11-30,17.089425242371107
1896-12-31,16.501404180590082
1897-01-31,17.026521282380546
1897-02-28,16.894025883254084
1897-03-31,16.958030716721023
1897-04-30,16.696857434734646
1897-05-31,17.04775512922937
1897-06-30,17.850497280690593
1897-07-31,18.65197575582027
1897-08-31,19.00639601051942
1897-09-30,19.37237029339778
1897-01-31,19.028031223902406
1897-11-30,18.35844809805021
1897-12-31,18.74875766252549
1898-01-31,19.249000021813746
1898-02-28,18.91813188800213
1898-03-31,18.04217492346867
1898-04-30,17.705089426411764
1898-05-31,17.595635274512805
1898-06-30,19.544817480547984
1898-07-31,19.85894301416729
1898-08-31,20.544915179153268
1898-09-30,20.442732862691287
1898-01-31,19.947199825773644
1898-11-30,20.527416324811274
1898-12-31,21.403631985448165
1899-01-31,22.93280741648716
1899-02-28,23.048117549980184
1899-03-31,23.279682245508713
1899-04-30,23.15242152568647
1899-05-31,22.091269360834172
1899-06-30,21.212091925046817
1899-07-31,21.56142563452311
1899-08-31,21.726237373055437
1899-09-30,20.591140514113768
1899-01-31,20.153713460686603
1899-11-30,20.196457520802284
1899-12-31,18.51264964360019
1900-01-31,18.67427536244477
1900-02-28,18.703797417251426
1900-03-31,18.77579342123836
1900-04-30,18.936402033322725
1900-05-31,18.403197016950404
1900-06-30,17.992711584303972
1900-07-31,17.689545468952794
1900-08-31,18.069614666784187
1900-09-30,17.341874151224708
1900-01-31,18.102398784556048
1900-11-30,19.419584603760754
1900-12-31,20.744051160870846
1901-01-31,20.97858183453618
1901-02-28,21.679149848206176
1901-03-31,22.34758395068384
1901-04-30,24.409716994827196
1901-05-31,23.064012684863552
1901-06-30,25.23846620596033
1901-07-31,23.144848553708094
1901-08-31,23.077177713844375
1901-09-30,22.590468316860225
1901-01-31,22.252901618408924
1901-11-30,22.375074777652788
1901-12-31,21.680215141029674
1902-01-31,22.340290796033564
1902-02-28,22.45995745246039
1902-03-31,22.410652288217335
1902-04-30,22.823108698497848
1902-05-31,22.4279544933298
1902-06-30,21.96374229551462
1902-07-31,22.385686589401367
1902-08-31,23.16867183409286
1902-09-30,22.856566381954494
1902-01-31,20.604425401859807
1902-11-30,20.40854125507218
1902-12-31,19.63323212682384
1903-01-31,20.3181320538285
1903-02-28,20.10705151755281
1903-03-31,19.884560384872838
1903-04-30,18.980022601826263
1903-05-31,18.954858723039873
1903-06-30,17.818551722968518
1903-07-31,16.91817841476666
1903-08-31,16.2991187909035
1903-09-30,15.654359115196913
1903-01-31,15.25294382577884
1903-11-30,15.407877534297896
1903-12-31,16.04289414005014
1904-01-31,15.861833914033637
1904-02-29,15.021498380331435
1904-03-31,15.081930176258862
1904-04-30,15.565490611691482
1904-05-31,15.525820896254633
1904-06-30,15.474433638652654
1904-07-31,16.036401629624105
1904-08-31,16.304651978851027
1904-09-30,16.742600049163688
1904-01-31,17.6331973708214
1904-11-30,18.076200223770062
1904-12-31,18.1596791187032
1905-01-31,18.459852032455846
1905-02-28,19.168996375829828
1905-03-31,19.831506074218414
1905-04-30,19.48292752471128
1905-05-31,18.629487509845124
1905-06-30,18.735862386183538
1905-07-31,19.20588330954805
1905-08-31,19.573308430803717
1905-09-30,19.743492419697777
1905-01-31,19.897394814329534
1905-11-30,19.44352569326498
1905-12-31,19.577960809096115
1906-01-31,20.13240226080789
1906-02-28,19.866752563675888
1906-03-31,19.25945302085411
1906-04-30,18.87620499611588
1906-05-31,18.054044460926388
1906-06-30,18.1726663764975
1906-07-31,18.19520014351374
1906-08-31,18.96725147754929
1906-09-30,19.200993682001346
1906-01-31,18.09538090886909
1906-11-30,18.14185165400795
1906-12-31,17.660003667768656
1907-01-31,17.218913853705978
1907-02-28,16.21707128876615
1907-03-31,14.687545255978648
1907-04-30,14.669709905602737
1907-05-31,13.790107153424243
1907-06-30,13.144269952673202
1907-07-31,13.58500735796184
1907-08-31,12.513471604446606
1907-09-30,12.328569657736624
1907-01-31,10.831840153050601
1907-11-30,10.59117755918978
1907-12-31,11.333306235811168
1908-01-31,11.902968628266976
1908-02-29,11.554846295144788
1908-03-31,11.98466266446429
1908-04-30,12.448889158370363
1908-05-31,13.078451355438334
1908-06-30,13.051684129229987
1908-07-31,13.345487104834396
1908-08-31,13.88423289520861
1908-09-30,13.701442268825106
1908-01-31,13.6908103591787
1908-11-30,14.435014091256255
1908-12-31,14.582482908962435
1909-01-31,14.764418456441346
1909-02-28,14.167157516701355
1909-03-31,14.336058380586213
1909-04-30,14.645198603086113
1909-05-31,14.95350978658277
1909-06-30,15.040444676080991
1909-07-31,15.231503240497679
1909-08-31,15.417580706254752
1909-09-30,15.254446436821176
1909-01-31,14.988845296121765
1909-11-30,14.745631176824586
1909-12-31,14.750638489265036
1910-01-31,14.547885040564147
1910-02-28,14.0020379030327
1910-03-31,14.050006965077822
1910-04-30,13.559883620820086
1910-05-31,13.568792287251455
1910-06-30,13.01965730231594
1910-07-31,12.342581259985222
1910-08-31,12.745055150886257
1910-09-30,12.93716110107085
1910-01-31,13.918866656445825
1910-11-30,14.16452317578036
1910-12-31,13.74147841778156
1911-01-31,14.04921518140121
1911-02-28,14.721488469928314
1911-03-31,14.370623221979537
1911-04-30,14.752935420329361
1911-05-31,15.047660591685046
1911-06-30,15.328355684719288
1911-07-31,15.083110578700271
1911-08-31,13.899790665654452
1911-09-30,12.997953983252444
1911-01-31,13.066472850619203
1911-11-30,13.727997586413103
1911-12-31,13.929258419578247
1912-01-31,13.794952631845833
1912-02-29,13.53163436968661
1912-03-31,13.639769173944181
1912-04-30,13.654392690553244
1912-05-31,13.64550068561238
1912-06-30,13.785417404502537
1912-07-31,13.80287664501579
1912-08-31,13.984761763426283
1912-09-30,13.92628500131588
1912-01-31,13.905092701178473
1912-11-30,13.74954101860654
1912-12-31,13.388999452579638
1913-01-31,13.148088791761566
1913-02-28,12.682960516236763
1913-03-31,12.443453515183664
1913-04-30,12.433067081795167
1913-05-31,12.221401061154127
1913-06-30,11.491962852761228
1913-07-31,11.53402279545986
1913-08-31,11.846840543564634
1913-09-30,11.843316826625975
1913-01-31,11.471490240312294
1913-11-30,11.072537845038012
1913-12-31,11.174040870036798
1914-01-31,11.636092105046139
1914-02-28,11.910233879798243
1914-03-31,11.68552601883683
1914-04-30,11.522662536200237
1914-05-31,11.479008694164486
1914-06-30,11.42871516883189
1914-07-31,10.694345183040143
1914-08-31,10.49204626507644
1914-09-30,10.500497301802133
1914-01-31,10.612759466126226
1914-11-30,10.516917642992123
1914-12-31,10.172217991997865
1915-01-31,10.359834197757268
1915-02-28,10.329786209660691
1915-03-31,10.707013188682811
1915-04-30,11.401123789000184
1915-05-31,11.026929876471312
1915-06-30,11.15426218909634
1915-07-31,11.113629393949601
1915-08-31,11.584831641604602
1915-09-30,12.011570757825893
1915-01-31,12.549076133220158
1915-11-30,12.857714453559316
1915-12-31,12.87844460218599
1916-01-31,12.543563692516175
1916-02-29,12.354652326458796
1916-03-31,12.177052795748478
1916-04-30,11.906481776593182
1916-05-31,12.026256671905156
1916-06-30,11.995961222946576
1916-07-31,11.791165275254546
1916-08-31,11.732082638874157
1916-09-30,11.944552417504466
1916-01-31,12.045741763370794
1916-11-30,12.053230403230497
1916-12-31,11.41355918884949
1917-01-31,10.992361427383422
1917-02-28,10.063187738735724
1917-03-31,10.327157080107874
1917-04-30,9.64453119728123
1917-05-31,9.138988813373574
1917-06-30,9.14822025953958
1917-07-31,9.0034723772288
1917-08-31,8.572680466753777
1917-09-30,7.9508232642170595
1917-01-31,7.387133711108143
1917-11-30,6.7530136047743055
1917-12-31,6.412593898119816
1918-01-31,6.640646028655349
1918-02-28,6.784343551630277
1918-03-31,6.686355760455892
1918-04-30,6.520727730547158
1918-05-31,6.5823632316210805
1918-06-30,6.496291318641056
1918-07-31,6.371324093848989
1918-08-31,6.303073760914593
1918-09-30,6.149170562431681
1918-01-31,6.290515321191322
1918-11-30,6.333327495354155
1918-12-31,6.134580411283433
1919-01-31,6.098467639950106
1919-02-28,6.239692771364979
1919-03-31,6.356074004869144
1919-04-30,6.4561395558192745
1919-05-31,6.8290022614820325
1919-06-30,7.021615214784132
1919-07-31,7.052837165446313
1919-08-31,6.479131101705279
1919-09-30,6.558481672061264
1919-01-31,6.794704199949304
1919-11-30,6.467022574133136
1919-12-31,6.1607170337991795
1920-01-31,5.989667771139442
1920-02-29,5.455347649907774
1920-03-31,5.7988227275571615
1920-04-30,5.599858725506188
1920-05-31,5.188950462047497
1920-06-30,5.043639680451622
1920-07-31,5.080592919540798
1920-08-31,5.020701077922861
1920-09-30,5.297162770108061
1920-01-31,5.35117739342416
1920-11-30,5.12640793094793
1920-12-31,4.78424104508325
1921-01-31,5.122184146887377
1921-02-28,5.27485719120505
1921-03-31,5.19234815868418
1921-04-30,5.297085922739678
1921-05-31,5.609469225330779
1921-06-30,5.216110960989324
1921-07-31,5.197779361905475
1921-08-31,5.161294823215734
1921-09-30,5.377524425458262
1921-01-31,5.479257678053351
1921-11-30,5.838196993200895
1921-12-31,6.114158849417274
1922-01-31,6.287087290347131
1922-02-28,6.461305872696984
1922-03-31,6.821387249036042
1922-04-30,7.273253390209862
1922-05-31,7.593467258919379
1922-06-30,7.557987351755127
1922-07-31,7.602095045774031
1922-08-31,8.020030689895776
1922-09-30,8.265083002284303
1922-01-31,8.432151998761896
1922-11-30,7.998253772269835
1922-12-31,7.964679864939999
1923-01-31,8.15420048306915
1923-02-28,8.533360579065965
1923-03-31,8.700737500978532
1923-04-30,8.37280966846381
1923-05-31,8.000497867598206
1923-06-30,7.671825282673075
1923-07-31,7.345985119490645
1923-08-31,7.441783174217366
1923-09-30,7.458183867189788
1923-01-31,7.317400395621472
1923-11-30,7.546327911916227
1923-12-31,7.809739144938735
1924-01-31,8.07224944603737
1924-02-29,8.162066220850347
1924-03-31,8.058077044116084
1924-04-30,7.9236203483279715
1924-05-31,7.899698330665284
1924-06-30,8.05167694639664
1924-07-31,8.377712139971829
1924-08-31,8.717418308548327
1924-09-30,8.581670375209047
1924-01-31,8.41949103587242
1924-11-30,8.888327361250967
1924-12-31,9.310639680416369
1925-01-31,9.692618852254991
1925-02-28,9.830804722819572
1925-03-31,9.518537538810028
1925-04-30,9.476566787903064
1925-05-31,9.729007694021325
1925-06-30,9.796386180450606
1925-07-31,9.963993891787798
1925-08-31,10.110918458488939
1925-09-30,10.359247611348497
1925-01-31,10.718495997022925
1925-11-30,10.886317440307932
1925-12-31,11.147365239137255
1926-01-31,11.340966188506235
1926-02-28,11.38943567274801
1926-03-31,10.712352062732483
1926-04-30,10.39558768595473
1926-05-31,10.575158463806096
1926-06-30,11.197979740229957
1926-07-31,11.869694058481276
1926-08-31,12.488808219521877
1926-09-30,12.692614823344716
1926-01-31,12.426517521583348
1926-11-30,12.61525121234448
1926-12-31,13.009052728993131
1927-01-31,13.18593062867779
1927-02-28,13.633966132216214
1927-03-31,14.033257507604494
1927-04-30,14.488222209157056
1927-05-31,15.002347055737118
1927-06-30,15.12033348174753
1927-07-31,15.820802594477755
1927-08-31,16.862861852763814
1927-09-30,17.81872371351643
1927-01-31,17.537237852261086
1927-11-30,18.131301434952427
1927-12-31,18.64662402140253
1928-01-31,18.80612857170077
1928-02-29,18.868850519584033
1928-03-31,19.943417799064537
1928-04-30,21.25790924948749
1928-05-31,21.832732178740017
1928-06-30,20.913421576866696
1928-07-31,21.081905435296783
1928-08-31,21.76213150257923
1928-09-30,23.004649446159227
1928-01-31,23.57834423958503
1928-11-30,25.121984571109582
1928-12-31,25.301591027426138
1929-01-31,27.083199620832765
1929-02-28,27.131672798247376
1929-03-31,27.67574843786187
1929-04-30,27.568454472898292
1929-05-31,27.698586875008125
1929-06-30,27.935467830288676
1929-07-31,29.933289406842203
1929-08-31,31.480313247172997
1929-09-30,32.5637885987767
1929-01-31,28.961067164354795
1929-11-30,21.17103600009704
1929-12-31,22.007373176418334
1930-01-31,22.310724294336847
1930-02-28,23.69711774933588
1930-03-31,24.58660779266885
1930-04-30,25.843436862018304
1930-05-31,24.309760633908173
1930-06-30,21.86689933338948
1930-07-31,21.54879759254664
1930-08-31,21.300602241118145
1930-09-30,21.072581788447312
1930-01-31,18.21487015465863
1930-11-30,16.939711377775165
1930-12-31,16.05500185653132
1931-01-31,16.705478731547608
1931-02-28,18.161492436976083
1931-03-31,18.579561032791275
1931-04-30,16.87231533160966
1931-05-31,15.401539999110105
1931-06-30,15.062476074643241
1931-07-31,15.516750095516313
1931-08-31,15.006276602886537
1931-09-30,12.817745261106879
1931-01-31,11.145926407660925
1931-11-30,11.415600295644671
1931-12-31,9.306032867968312
1932-01-31,9.312406455177843
1932-02-29,9.3369322510084
1932-03-31,9.413065028012207
1932-04-30,7.192233196115484
1932-05-31,6.390857289881441
1932-06-30,5.565059371528964
1932-07-31,5.838763671851197
1932-08-31,8.834653205181205
1932-09-30,9.761168564063704
1932-01-31,8.478606607689075
1932-11-30,8.463309567122892
1932-12-31,8.257073999100674
1933-01-31,8.728046162813524
1933-02-28,7.826051751316591
1933-03-31,7.8746813229431645
1933-04-30,8.723101646068109
1933-05-31,11.249651251932438
1933-06-30,13.098875517269512
1933-07-31,13.754304493874528
1933-08-31,12.999527050367734
1933-09-30,12.922920614885987
1933-01-31,11.69625356814369
1933-11-30,12.011766193389937
1933-12-31,12.281801622601114
1934-01-31,13.025119828332379
1934-02-28,13.926922904274296
1934-03-31,13.254537629740085
1934-04-30,13.518389284490091
1934-05-31,12.181583235024018
1934-06-30,12.287726483952424
1934-07-31,11.741524229318248
1934-08-31,11.31502598182905
1934-09-30,10.909954083288847
1934-01-31,11.108352605351728
1934-11-30,11.448808690205707
1934-12-31,11.639337566475893
1935-01-31,11.495907968201603
1935-02-28,11.087812159055575
1935-03-31,10.398272404790042
1935-04-30,11.104210207149535
1935-05-31,11.98557668348011
1935-06-30,12.539519324443903
1935-07-31,13.202137936511024
1935-08-31,14.105056846668967
1935-09-30,14.418891702707445
1935-01-31,14.826232627114102
1935-11-30,16.129605163251156
1935-12-31,16.15919271461534
1936-01-31,17.08735984599726
1936-02-29,18.104536459517803
1936-03-31,18.660478203926033
1936-04-30,18.718999665151507
1936-05-31,17.750192519328653
1936-06-30,18.39300106583136
1936-07-31,19.36046451231915
1936-08-31,19.62306016298377
1936-09-30,19.86202424328765
1936-01-31,20.91309185253314
1936-11-30,21.499765341024176
1936-12-31,21.125663548155458
1937-01-31,21.61874158295353
1937-02-28,22.244221552805175
1937-03-31,22.042197016050594
1937-04-30,20.556579457432875
1937-05-31,19.47417468657212
1937-06-30,18.711659960364976
1937-07-31,19.64672327960764
1937-08-31,19.80698257738098
1937-09-30,16.847882862705823
1937-01-31,14.361659574753368
1937-11-30,13.158119166486072
1937-12-31,13.008483033706145
1938-01-31,13.511461918562423
1938-02-28,13.263076236460872
1938-03-31,12.377286234697689
1938-04-30,11.789517720684188
1938-05-31,11.992275930545697
1938-06-30,12.288966307788133
1938-07-31,14.77032801749207
1938-08-31,14.903588512604372
1938-09-30,14.282330508639976
1938-01-31,16.06114764333344
1938-11-30,16.14957180071551
1938-12-31,15.756484438994002
1939-01-31,15.59963441091928
1939-02-28,15.664696928954761
1939-03-31,15.72922374321422
1939-04-30,13.916994579812396
1939-05-31,14.502929499657768
1939-06-30,14.833828921489786
1939-07-31,15.270952598570258
1939-08-31,15.120082343333983
1939-09-30,16.452835577060963
1939-01-31,16.821204806265637
1939-11-30,16.59923850994664
1939-12-31,16.28041290128383
1940-01-31,16.378480342613667
1940-02-29,16.216119847731054
1940-03-31,16.172906305307897
1940-04-30,16.37098870712878
1940-05-31,14.138747694800728
1940-06-30,12.843765598268805
1940-07-31,13.369884763210056
1940-08-31,13.649399392391636
1940-09-30,14.214842598620635
1940-01-31,14.328290323104952
1940-11-30,14.636689248763602
1940-12-31,13.908426122353838
1941-01-31,13.90415826795083
1941-02-28,13.002943303402448
1941-03-31,12.955719822063328
1941-04-30,12.42937038922078
1941-05-31,12.037206512481577
1941-06-30,12.164306590628444
1941-07-31,12.744996277919574
1941-08-31,12.463173720387804
1941-09-30,12.279729272093078
1941-01-31,11.577814956574073
1941-11-30,10.911668685916965
1941-12-31,10.086593309917905
1942-01-31,10.101686431929252
1942-02-28,9.680255591749365
1942-03-31,9.00342661776097
1942-04-30,8.544255707588263
1942-05-31,8.506116259696054
1942-06-30,8.905456928518056
1942-07-31,9.150488900994745
1942-08-31,9.012823047564298
1942-09-30,9.077829839371507
1942-01-31,9.599176749352992
1942-11-30,9.661334152171658
1942-12-31,9.617514103283181
1943-01-31,10.150534220432087
1943-02-28,10.708982995221271
1943-03-31,10.850541744036805
1943-04-30,11.039227142939698
1943-05-31,11.362215800613697
1943-06-30,11.516744786451236
1943-07-31,11.77421334178166
1943-08-31,11.21054590415897
1943-09-30,11.336281939610291
1943-01-31,11.187335503326034
1943-11-30,10.63103367300142
1943-12-31,10.737360316041073
1944-01-31,11.052412763977472
1944-02-29,10.947918887724724
1944-03-31,11.224693196180686
1944-04-30,10.9382751882394
1944-05-31,11.103736936792622
1944-06-30,11.532785272532509
1944-07-31,11.738774750180715
1944-08-31,11.54171167420922
1944-09-30,11.328560584696472
1944-01-31,11.58310518627912
1944-11-30,11.478459198055479
1944-12-31,11.638683593355129
1945-01-31,11.96046343980699
1945-02-28,12.341753548186311
1945-03-31,12.323310311389324
1945-04-30,12.631867236563073
1945-05-31,13.036560628785352
1945-06-30,13.130223361406049
1945-07-31,12.867028443009152
1945-08-31,12.91537856225674
1945-09-30,13.79826495171978
1945-01-31,14.374662675391336
1945-11-30,14.847702661876781
1945-12-31,15.02034747473996
1946-01-31,15.623163177761667
1946-02-28,15.761666525801903
1946-03-31,15.134873415142536
1946-04-30,16.04084238621592
1946-05-31,16.013723170832176
1946-06-30,15.773186880128744
1946-07-31,14.50813611190907
1946-08-31,13.984939309942764
1946-09-30,11.841267540149637
1946-01-31,11.387602961765053
1946-11-30,11.110043656743295
1946-12-31,11.37277942586271
1947-01-31,11.469296334735578
1947-02-28,11.949565314209433
1947-03-31,11.287903096501285
1947-04-30,10.900825126392672
1947-05-31,10.733674273688537
1947-06-30,11.082715855052092
1947-07-31,11.696446553354358
1947-08-31,11.337472355329826
1947-09-30,10.82746301722883
1947-01-31,11.13266204275478
1947-11-30,10.975407324839065
1947-12-31,10.680912531969186
1948-01-31,10.419342657320321
1948-02-29,9.999761169144179
1948-03-31,10.186680609489672
1948-04-30,10.779484482024616
1948-05-31,11.241032697984435
1948-06-30,11.58389575652384
1948-07-31,11.134621739180929
1948-08-31,10.723556662478128
1948-09-30,10.553013689399156
1948-01-31,10.82540980916949
1948-11-30,10.248096205635568
1948-12-31,10.159652938900912
1949-01-31,10.248285758038975
1949-02-28,9.872517140570054
1949-03-31,9.901332491240916
1949-04-30,9.783639867544055
1949-05-31,9.692295086395811
1949-06-30,9.067718943419528
1949-07-31,9.60503809336392
1949-08-31,9.851348638079228
1949-09-30,9.884048361738284
1949-01-31,10.169850844772139
1949-11-30,10.215861011650642
1949-12-31,10.529330904131143
1950-01-31,10.745733299747904
1950-02-28,10.911564066731678
1950-03-31,10.91094652297625
1950-04-30,11.178021600956091
1950-05-31,11.461543104586225
1950-06-30,11.554126144044282
1950-07-31,10.539745658930988
1950-08-31,11.040611670261535
1950-09-30,11.337391102277298
1950-01-31,11.66244403910526
1950-11-30,11.542173388716293
1950-12-31,11.306665788890756
1951-01-31,11.89575983943706
1951-02-28,12.141507370682685
1951-03-31,11.841626487283095
1951-04-30,11.95109719708395
1951-05-31,11.863875406269171
1951-06-30,11.615664857025171
1951-07-31,11.778190092457804
1951-08-31,12.256989084145138
1951-09-30,12.444953157150033
1951-01-31,12.309457904118686
1951-11-30,11.852030617771037
1951-12-31,12.147072568106775
1952-01-31,12.52705974817229
1952-02-29,12.364119350461083
1952-03-31,12.362339087390357
1952-04-30,12.242728683266874
1952-05-31,12.200478761945826
1952-06-30,12.447881581789359
1952-07-31,12.669112889622474
1952-08-31,12.678378236328614
1952-09-30,12.434678020425501
1952-01-31,12.131183558686867
1952-11-30,12.473469765515304
1952-12-31,12.933964306161366
1953-01-31,13.010773447995179
1953-02-28,12.859346880687893
1953-03-31,12.834819340092489
1953-04-30,12.163901454006798
1953-05-31,12.141970791867783
1953-06-30,11.624407885470083
1953-07-31,11.750201645310003
1953-08-31,11.715076201734007
1953-09-30,11.139349357262924
1953-01-31,11.391934765421416
1953-11-30,11.644070268505775
1953-12-31,11.7544491840273
1954-01-31,12.002650554927829
1954-02-28,12.215052485432844
1954-03-31,12.420105295189982
1954-04-30,12.907868184060924
1954-05-31,13.312042238025871
1954-06-30,13.357885903659009
1954-07-31,13.833009564245335
1954-08-31,14.042112347320586
1954-09-30,14.356474143296984
1954-01-31,14.619231935730573
1954-11-30,15.117311697434397
1954-12-31,15.789062002327096
1955-01-31,15.990781062969843
1955-02-28,16.43772821598713
1955-03-31,16.219282945537806
1955-04-30,16.685266628063516
1955-05-31,16.518057827257813
1955-06-30,17.370091963405326
1955-07-31,18.45403190663289
1955-08-31,18.222326463047768
1955-09-30,18.84396065426133
1955-01-31,17.77232578938611
1955-11-30,18.83555928827391
1955-12-31,18.942369035813588
1956-01-31,18.292585385418906
1956-02-29,18.266116815127795
1956-03-31,19.371210099299972
1956-04-30,19.37059363457851
1956-05-31,18.54450659175444
1956-06-30,18.158163846958708
1956-07-31,18.856797596896794
1956-08-31,18.670937110186426
1956-09-30,17.836640796312025
1956-01-31,17.41895294863613
1956-11-30,17.12033973662826
1956-12-31,17.197522725560923
1957-01-31,16.71778007853301
1957-02-28,15.843733142229746
1957-03-31,15.90041710886917
1957-04-30,16.12370436021176
1957-05-31,16.598110789114266
1957-06-30,16.72991887247287
1957-07-31,16.868882383979802
1957-08-31,15.868942729452248
1957-09-30,15.157274488962216
1957-01-31,14.14945148948354
1957-11-30,13.736242235298487
1957-12-31,13.673246057951388
1958-01-31,13.788431552307634
1958-02-28,13.78490639033768
1958-03-31,13.925589923892938
1958-04-30,13.91350176526278
1958-05-31,14.32382496840923
1958-06-30,14.635555551956264
1958-07-31,14.957457101901129
1958-08-31,15.54456689116591
1958-09-30,15.931923184092836
1958-01-31,16.559803310351565
1958-11-30,16.988883579386325
1958-12-31,17.35835736536995
1959-01-31,17.980339342993375
1959-02-28,17.759169263611415
1959-03-31,18.20087184548562
1959-04-30,18.430753048783412
1959-05-31,18.69272143959417
1959-06-30,18.44859139706647
1959-07-31,19.090533975796507
1959-08-31,18.9588036407502
1959-09-30,18.123290556758615
1959-01-31,18.02196244151542
1959-11-30,18.071789130570206
1959-12-31,18.624728977900098
1960-01-31,18.33828499437556
1960-02-29,17.545275108945976
1960-03-31,17.286020720522146
1960-04-30,17.429766947597194
1960-05-31,17.25617057872791
1960-06-30,17.82336381726474
1960-07-31,17.376806472898117
1960-08-31,17.582113039577667
1960-09-30,17.052015467817668
1960-01-31,16.605104536251027
1960-11-30,17.146088452419
1960-12-31,17.56209083395713
1961-01-31,18.470416986477172
1961-02-28,19.234014498298365
1961-03-31,19.844225272725584
1961-04-30,20.382842975754787
1961-05-31,20.598606843297354
1961-06-30,20.332414551592308
1961-07-31,20.14664373682733
1961-08-31,20.941688475215194
1961-09-30,20.705243044147267
1961-01-31,20.924190141010797
1961-11-30,21.857957721959682
1961-12-31,22.04148019838227
1962-01-31,21.19793140001522
1962-02-28,21.451687754873376
1962-03-31,21.443158568526233
1962-04-30,20.65833644764903
1962-05-31,19.089367498116648
1962-06-30,16.82757124479247
1962-07-31,17.14132566132279
1962-08-31,17.571262631045524
1962-09-30,17.32146114746548
1962-01-31,16.739820967901334
1962-11-30,17.85438648949715
1962-12-31,18.585836118439865
1963-01-31,19.259231693254062
1963-02-28,19.469191309671412
1963-03-31,19.288064606604838
1963-04-30,20.15007723822698
1963-05-31,20.507585864952613
1963-06-30,20.384149993841
1963-07-31,19.96923188594964
1963-08-31,20.472637900527687
1963-09-30,20.960360090705112
1963-01-31,20.891344595411503
1963-11-30,20.720399335339714
1963-12-31,21.03859937673706
1964-01-31,21.62721619698095
1964-02-29,21.832670826710338
1964-03-31,22.16724558598264
1964-04-30,22.422192169737187
1964-05-31,22.574330769563836
1964-06-30,22.300288036082794
1964-07-31,22.984351845738413
1964-08-31,22.65040729293881
1964-09-30,22.892221984231693
1964-01-31,23.21215468067535
1964-11-30,23.225019793095832
1964-12-31,22.752984772787272
1965-01-31,23.26933508192248
1965-02-28,23.372068272751346
1965-03-31,23.25352820003485
1965-04-30,23.420551954771298
1965-05-31,23.70880830886195
1965-06-30,22.385342986457793
1965-07-31,22.300781712174434
1965-08-31,22.665971845964386
1965-09-30,23.374146831648623
1965-01-31,23.77574552331269
1965-11-30,23.92546115667372
1965-12-31,23.69411154910633
1966-01-31,24.05848338842175
1966-02-28,23.700027145579398
1966-03-31,22.611112582289994
1966-04-30,23.11369646261583
1966-05-31,21.852177976763095
1966-06-30,21.55525338322626
1966-07-31,21.381702007433418
1966-08-31,19.913903864009814
1966-09-30,19.161676250615013
1966-01-31,18.825409371315683
1966-11-30,19.711251211928975
1966-12-31,19.736473752791973
1967-01-31,20.43224212538429
1967-02-28,21.074443163678446
1967-03-31,21.443898602019107
1967-04-30,21.686025566746245
1967-05-31,21.94847738965841
1967-06-30,21.552097609793492
1967-07-31,21.804196245666372
1967-08-31,22.030627049126032
1967-09-30,22.219145488664797
1967-01-31,22.06819919418389
1967-11-30,21.26310296833629
1967-12-31,21.751597808723638
1968-01-31,21.511535896332184
1968-02-29,20.424992376214227
1968-03-31,19.934711308295707
1968-04-30,21.277356015671742
1968-05-31,21.63022714277988
1968-06-30,22.004623431346534
1968-07-31,21.753537415670944
1968-08-31,21.137766793617853
1968-09-30,21.680275633292926
1968-01-31,22.004606927956882
1968-11-30,22.19552922715815
1968-12-31,22.27787299543488
1969-01-31,21.194968072847157
1969-02-28,20.895729901987238
1969-03-31,20.202287616481655
1969-04-30,20.42860808193216
1969-05-31,20.972258271972095
1969-06-30,19.71334158375763
1969-07-31,18.681708207192756
1969-08-31,18.429515590207743
1969-09-30,18.398046344676974
1969-01-31,18.448662031815353
1969-11-30,18.43776008469104
1969-12-31,17.32692991374268
1970-01-31,17.090541395140207
1970-02-28,16.372586787159847
1970-03-31,16.531690813943612
1970-04-30,15.873067819354054
1970-05-31,13.983836060789189
1970-06-30,13.79969179772518
1970-07-31,13.726499744359765
1970-08-31,14.100456516815445
1970-09-30,14.842661145242218
1970-01-31,15.064185404089631
1970-11-30,14.95076190879173
1970-12-31,15.87384068720574
1971-01-31,16.46179394349194
1971-02-28,17.034534781502128
1971-03-31,17.402902607188878
1971-04-30,17.92411044795961
1971-05-31,17.564153279699383
1971-06-30,17.083166880070703
1971-07-31,16.889414708693355
1971-08-31,16.519449443051563
1971-09-30,16.856792547836
1971-01-31,16.428862709159468
1971-11-30,15.63871265432664
1971-12-31,16.60355721292533
1972-01-31,17.26299679703517
1972-02-29,17.464147605486165
1972-03-31,17.80564384961494
1972-04-30,17.915161678498297
1972-05-31,17.662646200372553
1972-06-30,17.640857315740256
1972-07-31,17.398690031138177
1972-08-31,17.943404688029805
1972-09-30,17.613854552912116
1972-01-31,17.533183854158562
1972-11-30,18.33889471496806
1972-12-31,18.645719442073684
1973-01-31,18.712530467302436
1973-02-28,17.88988959919376
1973-03-31,17.412142058290346
1973-04-30,16.93574006605083
1973-05-31,16.31433875966858
1973-06-30,15.808323047681988
1973-07-31,15.889518573988788
1973-08-31,15.278501094706126
1973-09-30,15.475308601805567
1973-01-31,15.91351630893339
1973-11-30,14.651845159710577
1973-12-31,13.493329686205893
1974-01-31,13.530721892513952
1974-02-28,12.95732128020539
1974-03-31,13.310364239140162
1974-04-30,12.550411048540907
1974-05-31,11.995436947329662
1974-06-30,11.888498820078999
1974-07-31,10.394141805327049
1974-08-31,9.824195723141196
1974-09-30,8.680421305646336
1974-01-31,8.744983833809586
1974-11-30,8.948984512755606
1974-12-31,8.289060055923082
1975-01-31,8.920995508404248
1975-02-28,9.76224671616647
1975-03-31,10.163796767444037
1975-04-30,10.233076136605918
1975-05-31,10.81813911933581
1975-06-30,11.011354609247661
1975-07-31,10.902767048238575
1975-08-31,10.089769593328016
1975-09-30,9.91890535655942
1975-01-31,10.327599777501112
1975-11-30,10.435859457947895
1975-12-31,10.250368416256835
1976-01-31,11.185051362622147
1976-02-29,11.586092994449688
1976-03-31,11.631754403566505
1976-04-30,11.689164132206365
1976-05-31,11.53205358560942
1976-06-30,11.543841631417099
1976-07-31,11.757490488689907
1976-08-31,11.597986002509245
1976-09-30,11.805990949539787
1976-01-31,11.345696136316697
1976-11-30,11.248855860507964
1976-12-31,11.597589726582939
1977-01-31,11.43796134678755
1977-02-28,11.014841854222777
1977-03-31,10.89574651166274
1977-04-30,10.636037409141357
1977-05-31,10.548486693556997
1977-06-30,10.530023959090757
1977-07-31,10.567692447775404
1977-08-31,10.268385666710993
1977-09-30,10.067742820070702
1977-01-31,9.766666299556544
1977-11-30,9.766299983660199
1977-12-31,9.678266582535919
1978-01-31,9.241462260934687
1978-02-28,9.04526357070474
1978-03-31,8.950420077633893
1978-04-30,9.262588720866843
1978-05-31,9.634910728598447
1978-06-30,9.549678981041733
1978-07-31,9.425524047787357
1978-08-31,10.023970854003748
1978-09-30,9.941887473004407
1978-01-31,9.53360835820883
1978-11-30,8.928418902293147
1978-12-31,9.011941819133828
1979-01-31,9.257636919139971
1979-02-28,9.003740371045632
1979-03-31,9.070785029660763
1979-04-30,9.133063566217414
1979-05-31,8.794383289814954
1979-06-30,8.85393776469395
1979-07-31,8.827498045542361
1979-08-31,9.127165797215028
1979-09-30,9.112758990740952
1979-01-31,8.681843306899307
1979-11-30,8.518784302983553
1979-12-31,8.745204404669286
1980-01-31,8.850934180729102
1980-02-29,9.05447609219251
1980-03-31,8.081150900785493
1980-04-30,7.844024504719213
1980-05-31,8.10422580717649
1980-06-30,8.512077962306735
1980-07-31,8.880865527295837
1980-08-31,9.071005981618377
1980-09-30,9.196040131743235
1980-01-31,9.357841046757105
1980-11-30,9.654043663233384
1980-12-31,9.389902084921738
1981-01-31,9.259404530877948
1981-02-28,8.829899353831303
1981-03-31,9.081096883854618
1981-04-30,9.085561230788738
1981-05-31,8.818483466548061
1981-06-30,8.765340744304924
1981-07-31,8.445319467875507
1981-08-31,8.399806316566433
1981-09-30,7.581163051923152
1981-01-31,7.6491417133192074
1981-11-30,7.810752565716105
1981-12-31,7.832562137141892
1982-01-31,7.388659973375991
1982-02-28,7.1818234505467275
1982-03-31,6.950673793536026
1982-04-30,7.259072625426142
1982-05-31,7.192612484464618
1982-06-30,6.692133988197583
1982-07-31,6.638653100208755
1982-08-31,6.6434227521660825
1982-09-30,7.398838200323301
1982-01-31,7.99984099453458
1982-11-30,8.34747693815542
1982-12-31,8.467738401400469
1983-01-31,8.756783224134736
1983-02-28,8.910493436624112
1983-03-31,9.232829705190516
1983-04-30,9.531581284160403
1983-05-31,9.874456504668391
1983-06-30,10.000117903130011
1983-07-31,10.014475995571017
1983-08-31,9.728056935665203
1983-09-30,9.984202458028768
1983-01-31,10.003391799449618
1983-11-30,9.853581649364271
1983-12-31,9.815010903608663
1984-01-31,9.894931809202529
1984-02-29,9.324529645727976
1984-03-31,9.326747066508238
1984-04-30,9.305643404594816
1984-05-31,9.231831816896037
1984-06-30,9.010185512291002
1984-07-31,8.868302214043295
1984-08-31,9.623063257373163
1984-09-30,9.687341313628075
1984-01-31,9.595070703048497
1984-11-30,9.69197322178308
1984-12-31,9.59505480113345
1985-01-31,9.997001177730445
1985-02-28,10.49493517260707
1985-03-31,10.373217214924725
1985-04-30,10.397118719816813
1985-05-31,10.60812046786009
1985-06-30,10.810049845861208
1985-07-31,10.997563956793377
1985-08-31,10.738799808877276
1985-09-30,10.471234661697544
1985-01-31,10.552516982943741
1985-11-30,11.164611128667463
1985-12-31,11.69052147446759
1986-01-31,11.715007584487983
1986-02-28,12.388219099418118
1986-03-31,13.189022981532712
1986-04-30,13.55250417286947
1986-05-31,13.560046199232326
1986-06-30,13.88868862645711
1986-07-31,13.619995534083804
1986-08-31,13.887667550866052
1986-09-30,13.467314312977129
1986-01-31,13.425918860857358
1986-11-30,13.872985596138601
1986-12-31,14.08513981474331
1987-01-31,14.92220810371895
1987-02-28,15.822318142836457
1987-03-31,16.433343976069928
1987-04-30,16.196534453220885
1987-05-31,16.160311952655746
1987-06-30,16.825207307878724
1987-07-31,17.306004390512232
1987-08-31,18.32690724585635
1987-09-30,17.67562044993823
1987-01-31,15.530055563627322
1987-11-30,13.590885143189091
1987-12-31,13.389028514426968
1988-01-31,13.89833668356914
1988-02-29,14.298270962469523
1988-03-31,14.668946811103465
1988-04-30,14.433316420838949
1988-05-31,14.031891348027777
1988-06-30,14.766468647879622
1988-07-31,14.608315717522101
1988-08-31,14.244946310675651
1988-09-30,14.369428776140161
1988-01-31,14.811450153277725
1988-11-30,14.445530680872885
1988-12-31,14.702086748571991
1989-01-31,15.088072442713282
1989-02-28,15.467060462734747
1989-03-31,15.298969108882357
1989-04-30,15.686742656144583
1989-05-31,16.186353538544555
1989-06-30,16.64190423580859
1989-07-31,17.013407650499136
1989-08-31,17.73425143657733
1989-09-30,17.714220678979082
1989-01-31,17.640853852797953
1989-11-30,17.24236926694743
1989-12-31,17.650212904947328
1990-01-31,17.048843606878275
1990-02-28,16.508093516490288
1990-03-31,16.83374823348095
1990-04-30,16.813913898735766
1990-05-31,17.392413588645002
1990-06-30,17.81708282165301
1990-07-31,17.74717158707024
1990-08-31,16.168334756508976
1990-09-30,15.301285443522628
1990-01-31,14.818147965500804
1990-11-30,15.187607599503192
1990-12-31,15.846314974728772
1991-01-31,15.606190118802367
1991-02-28,17.354664745205113
1991-03-31,17.818620083397388
1991-04-30,18.15534589519803
1991-05-31,18.03543091100406
1991-06-30,18.01522704468833
1991-07-31,18.103452345519756
1991-08-31,18.512258455337726
1991-09-30,18.357282591774336
1991-01-31,18.34918799200199
1991-11-30,18.28886816930135
1991-12-31,18.441652313512733
1992-01-31,19.77306821146265
1992-02-29,19.582982970386745
1992-03-31,19.283561861298555
1992-04-30,19.301229507881047
1992-05-31,19.66227979564169
1992-06-30,19.315365967644603
1992-07-31,19.620740694824402
1992-08-31,19.72213749835153
1992-09-30,19.708766424745303
1992-01-31,19.370271076906977
1992-11-30,19.83365603880124
1992-12-31,20.448606721242967
1993-01-31,20.32341080299571
1993-02-28,20.545336792900446
1993-03-31,20.855200148690912
1993-04-30,20.45736201664218
1993-05-31,20.517605633764862
1993-06-30,20.608357012960195
1993-07-31,20.564596413297142
1993-08-31,20.812227546627387
1993-09-30,20.993501005229128
1993-01-31,21.109178247475118
1993-11-30,21.037901189606377
1993-12-31,21.164732079814645
1994-01-31,21.41197491382653
1994-02-28,21.263840187313026
1994-03-31,20.833375889460406
1994-04-30,20.055250085063843
1994-05-31,20.196492421281448
1994-06-30,20.290763690670307
1994-07-31,20.067951816142145
1994-08-31,20.535549404755628
1994-09-30,20.57645010081886
1994-01-31,20.39575928241025
1994-11-30,20.209473020394043
1994-12-31,19.911484108090324
1995-01-31,20.219119422457293
1995-02-28,20.802571764332672
1995-03-31,21.152737302036982
1995-04-30,21.642739261879647
1995-05-31,22.195426698019944
1995-06-30,22.7183567595206
1995-07-31,23.37641269151211
1995-08-31,23.284070256230514
1995-09-30,23.946007075299843
1995-01-31,23.926762764083254
1995-11-30,24.347586881114797
1995-12-31,25.02738066493909
1996-01-31,24.76246519464401
1996-02-29,25.976065550593372
1996-03-31,25.629930395216096
1996-04-30,25.42420384838151
1996-05-31,25.814043827699006
1996-06-30,25.96667355833383
1996-07-31,24.85841133234838
1996-08-31,25.412529121454938
1996-09-30,25.680115512876746
1996-01-31,26.483467720897192
1996-11-30,27.585612049012784
1996-12-31,27.723946163893956
1997-01-31,28.332870129950358
1997-02-28,29.26563488357594
1997-03-31,28.80245859187165
1997-04-30,27.585160338136532
1997-05-31,29.928362224688776
1997-06-30,31.256560616381254
1997-07-31,32.76663768966993
1997-08-31,32.58628348671316
1997-09-30,32.66658134170861
1997-01-31,32.901498179798104
1997-11-30,32.33660053281267
1997-12-31,33.03078904290541
1998-01-31,32.859968415052215
1998-02-28,34.70967778226997
1998-03-31,36.29692773642509
1998-04-30,37.27693404302875
1998-05-31,36.956598518968995
1998-06-30,36.80229346009202
1998-07-31,38.25964508524854
1998-08-31,35.423401024878316
1998-09-30,33.5323569808349
1998-01-31,33.77310287904815
1998-11-30,37.36939188392096
1998-12-31,38.82027478009816
1999-01-31,40.57695767720813
1999-02-28,40.40015922925997
1999-03-31,41.356103632713015
1999-04-30,42.704509516892166
1999-05-31,42.55667670951805
1999-06-30,42.18067591174693
1999-07-31,43.828035992805425
1999-08-31,41.930712159940455
1999-09-30,41.323451334715024
1999-01-31,40.552854399539875
1999-11-30,43.20829071461393
1999-12-31,44.19793976104057
2000-01-31,43.772578146938
2000-02-29,42.185635887917336
2000-03-31,43.22074843996588
2000-04-30,43.52857428850774
2000-05-31,41.96605050332432
2000-06-30,42.78197156707145
2000-07-31,42.758093618269584
2000-08-31,42.86956549441949
2000-09-30,41.89800792488474
2000-01-31,39.36969904420137
2000-11-30,38.782142456784776
2000-12-31,37.2742380044972
2001-01-31,36.97886799702982
2001-02-28,35.83466265143129
2001-03-31,32.32583723617875
2001-04-30,32.17390116836069
2001-05-31,34.074643217140036
2001-06-30,33.06853441111277
2001-07-31,32.16303868744435
2001-08-31,31.404318760780136
2001-09-30,27.66739258686249
2001-01-31,28.5773731133601
2001-11-30,30.005103811056816
2001-12-31,30.49995325502045
2002-01-31,30.277204433095996
2002-02-28,29.08570415200842
2002-03-31,30.292130640918675
2002-04-30,29.005883253118686
2002-05-31,28.128107508688345
2002-06-30,26.387672541183356
2002-07-31,23.463120467431445
2002-08-31,23.588713528842376
2002-09-30,22.36503680122433
2002-01-31,21.956233863659076
2002-11-30,23.348396502725127
2002-12-31,23.101442537685628
2003-01-31,22.898348576613216
2003-02-28,21.214102123415284
2003-03-31,21.30971902699099
2003-04-30,22.427939577730903
2003-05-31,23.59108045348148
2003-06-30,24.832223259531055
2003-07-31,24.867329101268773
2003-08-31,24.642251409932157
2003-09-30,25.243686752606248
2003-01-31,25.682756070579675
2003-11-30,25.946798218420113
2003-12-31,26.635170511081526
2004-01-31,27.658540355736573
2004-02-29,27.650862036740207
2004-03-31,26.886530384035858
2004-04-30,26.90057750844488
2004-05-31,25.902814292943752
2004-06-30,26.401285366474898
2004-07-31,25.695888646268543
2004-08-31,25.174462226477768
2004-09-30,25.66840677635768
2004-01-31,25.41165566548933
2004-11-30,26.46531081481804
2004-12-31,27.14480869474123
2005-01-31,26.58725069797038
2005-02-28,26.744863128101183
2005-03-31,26.339142131057926
2005-04-30,25.408922569114463
2005-05-31,25.650230187182963
2005-06-30,26.068394871883985
2005-07-31,26.28787109125474
2005-08-31,26.104381410936146
2005-09-30,25.730122990164467
2005-01-31,24.876538723647958
2005-11-30,25.931783309069022
2005-12-31,26.443803114292407
2006-01-31,26.46870262668572
2006-02-28,26.249624763583302
2006-03-31,26.327837778667693
2006-04-30,26.147280943874524
2006-05-31,25.650640708757344
2006-06-30,24.749582241646376
2006-07-31,24.696786766853307
2006-08-31,25.05139356201097
2006-09-30,25.644156440797392
2006-01-31,26.538040282101726
2006-11-30,26.928020270856486
2006-12-31,27.282689787571687
2007-01-31,27.207536656807132
2007-02-28,27.315181413516612
2007-03-31,26.227605554650907
2007-04-30,26.976268314189085
2007-05-31,27.548490451851265
2007-06-30,27.418262740410608
2007-07-31,27.410088167204336
2007-08-31,26.14860718931232
2007-09-30,26.725743047696927
2007-01-31,27.320648130462025
2007-11-30,25.729053579498387
2007-12-31,25.955510105240233
2008-01-31,24.02231776083682
2008-02-29,23.495263401811787
2008-03-31,22.606810842249338
2008-04-30,23.356040643201606
2008-05-31,23.696432116623175
2008-06-30,22.416812802281935
2008-07-31,20.90720646266158
2008-08-31,21.40161736004793
2008-09-30,20.362733946097517
2008-01-31,16.387356548789835
2008-11-30,15.259659405704587
2008-12-31,15.376080747423773
2009-01-31,15.174651936879675
2009-02-28,14.122181801918899
2009-03-31,13.323667656863929
2009-04-30,14.981866453039252
2009-05-31,15.996355755263156
2009-06-30,16.384182816215347
2009-07-31,16.69462081699562
2009-08-31,18.094069801576087
2009-09-30,18.831902264840082
2009-01-31,19.35800844348685
2009-11-30,19.812761079966055
2009-12-31,20.32237650021654
2010-01-31,20.527859801454415
2010-02-28,19.920539306600443
2010-03-31,21.00460120971536
2010-04-30,21.804845599625153
2010-05-31,20.4800686384234
2010-06-30,19.742039853739453
2010-07-31,19.668660470717708
2010-08-31,19.770299174358577
2010-09-30,20.38139523320403
2010-01-31,21.240127651759423
2010-11-30,21.700723827760612
2010-12-31,22.396379773044206
2011-01-31,22.97829943055497
2011-02-28,23.489828703298517
2011-03-31,22.899336430143627
2011-04-30,23.14392944728593
2011-05-31,23.059491506095323
2011-06-30,22.10083128661098
2011-07-31,22.61098170115661
2011-08-31,20.049852721660486
2011-09-30,19.698114568877703
2011-01-31,20.155824786688736
2011-11-30,20.34524679764581
2011-12-31,20.52357549943169
2012-01-31,21.213008091803445
2012-02-29,21.797435963717522
2012-03-31,22.0539439729047
2012-04-30,21.77924690682488
2012-05-31,20.941467419743468
2012-06-30,20.547504086856076
2012-07-31,20.99934129338055
2012-08-31,21.410428453442922
2012-09-30,21.783690301727667
2012-01-31,21.577109654528773
2012-11-30,20.898162059573682
2012-12-31,21.238261139845598
2013-01-31,21.90047541382179
2013-02-28,22.052724336861925
2013-03-31,22.419207114602557
2013-04-30,22.59565539610558
2013-05-31,23.411841781842387
2013-06-30,22.92533317391531
2013-07-31,23.492460177159618
2013-08-31,23.35664909491608
2013-09-30,23.442287167960586
2013-01-31,23.834737887631416
2013-11-30,24.64207709241204
2013-12-31,24.861869296461926
2014-01-31,24.8596090936327
2014-02-28,24.590930877894117
2014-03-31,24.956039153965378
2014-04-30,24.786315396962625
2014-05-31,24.94327410990257
2014-06-30,25.558007623511276
2014-07-31,25.817545976158723
2014-08-31,25.617606421799387
2014-09-30,25.918436892606184
2014-01-31,25.16274828308324
2014-11-30,26.606817147143413
2014-12-31,26.79408548257255
2015-01-31,26.492295420383112
2015-02-28,26.99551369938323
2015-03-31,26.728605452928466
2015-04-30,26.79137168019231
2015-05-31,26.80611137965081
2015-06-30,26.495895292784837
2015-07-31,26.381136336399692
2015-08-31,25.6936584170577
2015-09-30,24.496752170486438
2015-01-31,25.491441046066758
2015-11-30,26.225851890971942
2015-12-31,25.965424037124176
2016-01-31,24.206167203878476
2016-02-29,24.002606777289763
2016-03-31,25.372298620187912
2016-04-30,25.922337543673887
2016-05-31,25.694709923449977
2016-06-30,25.840372927670522
2016-07-31,26.694003256096305
2016-08-31,26.94887243372387
2016-09-30,26.727873346478543
2016-01-31,26.525143085070606
2016-11-30,26.850953531056273
2016-12-31,27.86509822392355
2017-01-31,28.063573742124476
2017-02-28,28.65510652518415
2017-03-31,29.08692174246466
2017-04-30,28.90424595627518
2017-05-31,29.313344980271445
2017-06-30,29.748503240632772
2017-07-31,30.00222074401859
2017-08-31,29.91495939749751
2017-09-30,30.16811441067893
2017-01-31,30.920393290333855
2017-11-30,31.298913333880282
2017-12-31,32.08613200770602
2018-01-31,33.30734382803069
2018-02-28,32.035382339250305
2018-03-31,31.808409057643136
2018-04-30,30.970179293325245
2018-05-31,31.24361507486462
2018-06-30,31.630556496454616
2018-07-31,31.886366962159002
2018-08-31,32.39027688030114
2018-09-30,32.62289112050021
2018-01-31,31.037961078006514
2018-11-30,30.195583406705246
2018-12-31,28.291857012072878
2019-01-31,28.380164463547594
2019-02-28,29.54154896513122
2019-03-31,29.576196014784834
2019-04-30,30.13351717138752
2019-05-31,29.242030936939855
2019-06-30,29.28379627530627
2019-07-31,29.98668533504253
2019-08-31,28.705397371833083
2019-09-30,29.229520233035288
2019-01-31,28.84112288195341
2019-11-30,29.83686765908343
2019-12-31,30.331822322243294
2020-01-31,30.985220300230704
2020-02-29,30.729689264735754
2020-03-31,24.81716862909942
2020-04-30,25.927358825280162
2020-05-31,27.328480997698463
2020-06-30,28.838315955122848
2020-07-31,29.59919492766701
2020-08-31,31.158208965355225
2020-09-30,30.83942604381125
2020-01-31,31.283694032592848
2020-11-30,32.473204096612555
2020-12-31,33.76559141811709
2021-01-31,34.51243229410691
2021-02-28,35.103907171969816
2021-03-31,35.04254511219207
2021-04-30,36.719814109133
2021-05-31,36.55213398979906
2021-06-30,36.696258013088354
2021-07-31,37.443383184615385
2021-08-31,37.973500614070474
2021-09-30,37.62034668665119
2021-01-31,37.25302500032529
2021-11-30,38.5826274977192
2021-12-31,38.30484987346745
2022-01-31,36.936758070297444
2022-02-28,35.287149225694876
2022-03-31,34.27079869329173
2022-04-30,33.88916475591386
2022-05-31,30.673155079545136
2022-06-30,29.047721395103835
2022-07-31,29.004618317208923
2022-08-31,30.698763365175278
2022-09-30,28.229884655821966
2022-01-31,27.08076692540069
2022-11-30,28.378949016273317
2022-12-31,28.316901284527283
2023-01-31,28.334813423755683
2023-02-28,28.919762943866637
2023-03-31,27.938131253997884
2023-04-30,28.764841267615374
2023-05-31,28.762051343131223
2023-06-30,29.940031645987485
2023-07-31,30.89165981365993
2023-08-31,30.304748245365207
2023-09-30,29.79968186135025
2023-01-31,28.769054954983982
2023-11-30,30.013224817381495
2023-12-31,31.452310923844568
2024-01-31,32.04512301259602
2024-02-29,33.03719268559904
2024-03-31,33.75492017640601
2024-04-30,33.1415930307698
2024-05-31,33.77363454011197
2024-06-30,34.81054878004299
2024-07-31,35.443553078907236
2024-08-31,34.91963134861477
2024-09-30,35.66018363515212
2024-01-31,36.587210527930154
2024-11-30,37.350195655078785
2024-12-31,37.71119169643463
2025-01-31,37.1292198521989
2025-02-28,37.18717559369689
2025-03-31,34.784750339850746
2025-04-30,32.62127034111354
2025-05-31,35.07669704372764
2025-06-30,36.111092133696914
2025-07-31,37.474246191646586
2025-08-31,37.84614504488179
2025-09-30,38.58038732538846
2025-01-31,39.2056921711265
2025-11-30,39.272363186124736
2025-12-31,39.83260051664633
2026-01-31,40.17237210189339
2026-02-28,39.79767266499307
