observation_date,NFCI
1971-01-08,0.59054
1971-01-15,0.62249
1971-01-22,0.65955
1971-01-29,0.70026
1971-02-05,0.74332
1971-02-12,0.78645
1971-02-19,0.82861
1971-02-26,0.87026
1971-03-05,0.91297
1971-03-12,0.95878
1971-03-19,1.00981
1971-03-26,1.06831
1971-04-02,1.13432
1971-04-09,1.20672
1971-04-16,1.28125
1971-04-23,1.35148
1971-04-30,1.41033
1971-05-07,1.44984
1971-05-14,1.46142
1971-05-21,1.44057
1971-05-28,1.38815
1971-06-04,1.30867
1971-06-11,1.20972
1971-06-18,1.10757
1971-06-25,1.01917
1971-07-02,0.96088
1971-07-09,0.94808
1971-07-16,0.99038
1971-07-23,1.09032
1971-07-30,1.24262
1971-08-06,1.43320
1971-08-13,1.64174
1971-08-20,1.84589
1971-08-27,2.02006
1971-09-03,2.14886
1971-09-10,2.21828
1971-09-17,2.22747
1971-09-24,2.18002
1971-10-01,2.08658
1971-10-08,1.96116
1971-10-15,1.82156
1971-10-22,1.68419
1971-10-29,1.56313
1971-11-05,1.46804
1971-11-12,1.40216
1971-11-19,1.36490
1971-11-26,1.34942
1971-12-03,1.34773
1971-12-10,1.35084
1971-12-17,1.34864
1971-12-24,1.33300
1971-12-31,1.30092
1972-01-07,1.24291
1972-01-14,1.16791
1972-01-21,1.07673
1972-01-28,0.97605
1972-02-04,0.87339
1972-02-11,0.77388
1972-02-18,0.68123
1972-02-25,0.59845
1972-03-03,0.52696
1972-03-10,0.46681
1972-03-17,0.41589
1972-03-24,0.37108
1972-03-31,0.32826
1972-04-07,0.28428
1972-04-14,0.23845
1972-04-21,0.19006
1972-04-28,0.14211
1972-05-05,0.09730
1972-05-12,0.05997
1972-05-19,0.03402
1972-05-26,0.02373
1972-06-02,0.03112
1972-06-09,0.05676
1972-06-16,0.09791
1972-06-23,0.15005
1972-06-30,0.20604
1972-07-07,0.25797
1972-07-14,0.29907
1972-07-21,0.32351
1972-07-28,0.32688
1972-08-04,0.30849
1972-08-11,0.26985
1972-08-18,0.21531
1972-08-25,0.15037
1972-09-01,0.08199
1972-09-08,0.01736
1972-09-15,-0.03886
1972-09-22,-0.08384
1972-09-29,-0.11696
1972-10-06,-0.14004
1972-10-13,-0.15677
1972-10-20,-0.16973
1972-10-27,-0.18255
1972-11-03,-0.19752
1972-11-10,-0.21519
1972-11-17,-0.23515
1972-11-24,-0.25606
1972-12-01,-0.27356
1972-12-08,-0.28335
1972-12-15,-0.28053
1972-12-22,-0.25875
1972-12-29,-0.21316
1973-01-05,-0.14038
1973-01-12,-0.03850
1973-01-19,0.09054
1973-01-26,0.24236
1973-02-02,0.41041
1973-02-09,0.58476
1973-02-16,0.75409
1973-02-23,0.90886
1973-03-02,1.03993
1973-03-09,1.14204
1973-03-16,1.21252
1973-03-23,1.25440
1973-03-30,1.27139
1973-04-06,1.26795
1973-04-13,1.25119
1973-04-20,1.22617
1973-04-27,1.19821
1973-05-04,1.17041
1973-05-11,1.14620
1973-05-18,1.12766
1973-05-25,1.11713
1973-06-01,1.11737
1973-06-08,1.13164
1973-06-15,1.16195
1973-06-22,1.21069
1973-06-29,1.27975
1973-07-06,1.36829
1973-07-13,1.47501
1973-07-20,1.59529
1973-07-27,1.72498
1973-08-03,1.85695
1973-08-10,1.98576
1973-08-17,2.10595
1973-08-24,2.21245
1973-08-31,2.30005
1973-09-07,2.36407
1973-09-14,2.40211
1973-09-21,2.41486
1973-09-28,2.40392
1973-10-05,2.37152
1973-10-12,2.32601
1973-10-19,2.27292
1973-10-26,2.22135
1973-11-02,2.17694
1973-11-09,2.14358
1973-11-16,2.12152
1973-11-23,2.10427
1973-11-30,2.08291
1973-12-07,2.04528
1973-12-14,1.98248
1973-12-21,1.88789
1973-12-28,1.75987
1974-01-04,1.59938
1974-01-11,1.41719
1974-01-18,1.22241
1974-01-25,1.02711
1974-02-01,0.84428
1974-02-08,0.68506
1974-02-15,0.55931
1974-02-22,0.47551
1974-03-01,0.43907
1974-03-08,0.45349
1974-03-15,0.52102
1974-03-22,0.64078
1974-03-29,0.81003
1974-04-05,1.02470
1974-04-12,1.28048
1974-04-19,1.57096
1974-04-26,1.89035
1974-05-03,2.23132
1974-05-10,2.58839
1974-05-17,2.95408
1974-05-24,3.31908
1974-05-31,3.67651
1974-06-07,4.01803
1974-06-14,4.33353
1974-06-21,4.61405
1974-06-28,4.84835
1974-07-05,5.02595
1974-07-12,5.14120
1974-07-19,5.19276
1974-07-26,5.18564
1974-08-02,5.12967
1974-08-09,5.03330
1974-08-16,4.91106
1974-08-23,4.77102
1974-08-30,4.62244
1974-09-06,4.46875
1974-09-13,4.31212
1974-09-20,4.15281
1974-09-27,3.98628
1974-10-04,3.81268
1974-10-11,3.63154
1974-10-18,3.45089
1974-10-25,3.27907
1974-11-01,3.12328
1974-11-08,2.99062
1974-11-15,2.88316
1974-11-22,2.79687
1974-11-29,2.72755
1974-12-06,2.66595
1974-12-13,2.60270
1974-12-20,2.53085
1974-12-27,2.44179
1975-01-03,2.33254
1975-01-10,2.20174
1975-01-17,2.05368
1975-01-24,1.89443
1975-01-31,1.72996
1975-02-07,1.56629
1975-02-14,1.41003
1975-02-21,1.26309
1975-02-28,1.12661
1975-03-07,1.00116
1975-03-14,0.88548
1975-03-21,0.77813
1975-03-28,0.67629
1975-04-04,0.57746
1975-04-11,0.48060
1975-04-18,0.38528
1975-04-25,0.29137
1975-05-02,0.20147
1975-05-09,0.11733
1975-05-16,0.04125
1975-05-23,-0.02547
1975-05-30,-0.07965
1975-06-06,-0.12085
1975-06-13,-0.14928
1975-06-20,-0.16649
1975-06-27,-0.17427
1975-07-04,-0.17505
1975-07-11,-0.17159
1975-07-18,-0.16594
1975-07-25,-0.15826
1975-08-01,-0.14850
1975-08-08,-0.13567
1975-08-15,-0.11956
1975-08-22,-0.09886
1975-08-29,-0.07345
1975-09-05,-0.04419
1975-09-12,-0.01167
1975-09-19,0.02284
1975-09-26,0.05666
1975-10-03,0.08840
1975-10-10,0.11449
1975-10-17,0.13393
1975-10-24,0.14573
1975-10-31,0.14906
1975-11-07,0.14255
1975-11-14,0.12571
1975-11-21,0.09805
1975-11-28,0.05925
1975-12-05,0.00942
1975-12-12,-0.04990
1975-12-19,-0.11661
1975-12-26,-0.18884
1976-01-02,-0.26397
1976-01-09,-0.33882
1976-01-16,-0.41015
1976-01-23,-0.47613
1976-01-30,-0.53532
1976-02-06,-0.58710
1976-02-13,-0.63065
1976-02-20,-0.66709
1976-02-27,-0.69668
1976-03-05,-0.71970
1976-03-12,-0.73567
1976-03-19,-0.74465
1976-03-26,-0.74600
1976-04-02,-0.73895
1976-04-09,-0.72325
1976-04-16,-0.69888
1976-04-23,-0.66724
1976-04-30,-0.63008
1976-05-07,-0.59004
1976-05-14,-0.55056
1976-05-21,-0.51525
1976-05-28,-0.48702
1976-06-04,-0.46873
1976-06-11,-0.46180
1976-06-18,-0.46571
1976-06-25,-0.48017
1976-07-02,-0.50288
1976-07-09,-0.53124
1976-07-16,-0.56255
1976-07-23,-0.59470
1976-07-30,-0.62523
1976-08-06,-0.65261
1976-08-13,-0.67613
1976-08-20,-0.69513
1976-08-27,-0.70936
1976-09-03,-0.71915
1976-09-10,-0.72476
1976-09-17,-0.72684
1976-09-24,-0.72596
1976-10-01,-0.72200
1976-10-08,-0.71612
1976-10-15,-0.70880
1976-10-22,-0.70018
1976-10-29,-0.69054
1976-11-05,-0.68133
1976-11-12,-0.67355
1976-11-19,-0.66846
1976-11-26,-0.66795
1976-12-03,-0.67301
1976-12-10,-0.68539
1976-12-17,-0.70448
1976-12-24,-0.73033
1976-12-31,-0.76197
1977-01-07,-0.79785
1977-01-14,-0.83439
1977-01-21,-0.86950
1977-01-28,-0.90054
1977-02-04,-0.92489
1977-02-11,-0.94098
1977-02-18,-0.94797
1977-02-25,-0.94547
1977-03-04,-0.93359
1977-03-11,-0.91370
1977-03-18,-0.88666
1977-03-25,-0.85395
1977-04-01,-0.81708
1977-04-08,-0.77755
1977-04-15,-0.73603
1977-04-22,-0.69417
1977-04-29,-0.65282
1977-05-06,-0.61375
1977-05-13,-0.57817
1977-05-20,-0.54770
1977-05-27,-0.52318
1977-06-03,-0.50551
1977-06-10,-0.49467
1977-06-17,-0.48963
1977-06-24,-0.48961
1977-07-01,-0.49337
1977-07-08,-0.49946
1977-07-15,-0.50561
1977-07-22,-0.51049
1977-07-29,-0.51259
1977-08-05,-0.51114
1977-08-12,-0.50617
1977-08-19,-0.49737
1977-08-26,-0.48550
1977-09-02,-0.47020
1977-09-09,-0.45149
1977-09-16,-0.42914
1977-09-23,-0.40399
1977-09-30,-0.37659
1977-10-07,-0.34855
1977-10-14,-0.32055
1977-10-21,-0.29372
1977-10-28,-0.26947
1977-11-04,-0.24850
1977-11-11,-0.23211
1977-11-18,-0.22095
1977-11-25,-0.21551
1977-12-02,-0.21549
1977-12-09,-0.22086
1977-12-16,-0.23037
1977-12-23,-0.24354
1977-12-30,-0.25833
1978-01-06,-0.27315
1978-01-13,-0.28554
1978-01-20,-0.29322
1978-01-27,-0.29427
1978-02-03,-0.28738
1978-02-10,-0.27220
1978-02-17,-0.24796
1978-02-24,-0.21502
1978-03-03,-0.17433
1978-03-10,-0.12691
1978-03-17,-0.07420
1978-03-24,-0.01759
1978-03-31,0.04171
1978-04-07,0.10281
1978-04-14,0.16533
1978-04-21,0.22885
1978-04-28,0.29275
1978-05-05,0.35533
1978-05-12,0.41571
1978-05-19,0.47233
1978-05-26,0.52352
1978-06-02,0.56815
1978-06-09,0.60425
1978-06-16,0.63089
1978-06-23,0.64659
1978-06-30,0.65068
1978-07-07,0.64320
1978-07-14,0.62512
1978-07-21,0.59884
1978-07-28,0.56681
1978-08-04,0.53273
1978-08-11,0.50211
1978-08-18,0.48164
1978-08-25,0.47833
1978-09-01,0.49815
1978-09-08,0.54691
1978-09-15,0.62772
1978-09-22,0.74046
1978-09-29,0.88325
1978-10-06,1.04900
1978-10-13,1.22991
1978-10-20,1.41446
1978-10-27,1.59144
1978-11-03,1.74746
1978-11-10,1.87480
1978-11-17,1.96620
1978-11-24,2.01521
1978-12-01,2.02404
1978-12-08,1.99369
1978-12-15,1.92782
1978-12-22,1.83253
1978-12-29,1.71331
1979-01-05,1.57642
1979-01-12,1.42868
1979-01-19,1.27612
1979-01-26,1.12460
1979-02-02,0.97859
1979-02-09,0.84166
1979-02-16,0.71573
1979-02-23,0.60259
1979-03-02,0.50438
1979-03-09,0.42113
1979-03-16,0.35394
1979-03-23,0.30243
1979-03-30,0.26675
1979-04-06,0.24611
1979-04-13,0.23975
1979-04-20,0.24712
1979-04-27,0.26724
1979-05-04,0.29903
1979-05-11,0.34140
1979-05-18,0.39368
1979-05-25,0.45497
1979-06-01,0.52397
1979-06-08,0.59868
1979-06-15,0.67711
1979-06-22,0.75713
1979-06-29,0.83772
1979-07-06,0.91748
1979-07-13,0.99737
1979-07-20,1.07948
1979-07-27,1.16528
1979-08-03,1.25644
1979-08-10,1.35396
1979-08-17,1.45928
1979-08-24,1.57206
1979-08-31,1.69119
1979-09-07,1.81448
1979-09-14,1.94018
1979-09-21,2.06443
1979-09-28,2.18213
1979-10-05,2.28913
1979-10-12,2.38032
1979-10-19,2.45066
1979-10-26,2.49600
1979-11-02,2.51399
1979-11-09,2.50046
1979-11-16,2.45778
1979-11-23,2.38835
1979-11-30,2.29796
1979-12-07,2.19373
1979-12-14,2.08380
1979-12-21,1.97780
1979-12-28,1.88233
1980-01-04,1.80591
1980-01-11,1.75858
1980-01-18,1.74680
1980-01-25,1.77895
1980-02-01,1.86135
1980-02-08,1.99537
1980-02-15,2.18058
1980-02-22,2.41162
1980-02-29,2.67818
1980-03-07,2.96273
1980-03-14,3.24935
1980-03-21,3.51418
1980-03-28,3.73463
1980-04-04,3.89748
1980-04-11,3.98510
1980-04-18,3.99201
1980-04-25,3.91929
1980-05-02,3.77205
1980-05-09,3.56092
1980-05-16,3.30238
1980-05-23,3.01088
1980-05-30,2.69965
1980-06-06,2.38375
1980-06-13,2.07357
1980-06-20,1.77646
1980-06-27,1.50439
1980-07-04,1.26760
1980-07-11,1.07188
1980-07-18,0.92529
1980-07-25,0.82543
1980-08-01,0.77098
1980-08-08,0.75776
1980-08-15,0.77632
1980-08-22,0.81726
1980-08-29,0.87768
1980-09-05,0.95101
1980-09-12,1.03045
1980-09-19,1.11967
1980-09-26,1.21870
1980-10-03,1.33108
1980-10-10,1.45830
1980-10-17,1.61033
1980-10-24,1.78434
1980-10-31,1.98296
1980-11-07,2.20091
1980-11-14,2.42694
1980-11-21,2.65381
1980-11-28,2.87062
1980-12-05,3.05543
1980-12-12,3.19616
1980-12-19,3.28972
1980-12-26,3.31515
1981-01-02,3.28199
1981-01-09,3.19185
1981-01-16,3.05684
1981-01-23,2.88628
1981-01-30,2.69605
1981-02-06,2.49540
1981-02-13,2.30076
1981-02-20,2.12406
1981-02-27,1.96577
1981-03-06,1.83803
1981-03-13,1.74328
1981-03-20,1.68433
1981-03-27,1.66306
1981-04-03,1.67993
1981-04-10,1.73038
1981-04-17,1.81548
1981-04-24,1.92361
1981-05-01,2.05263
1981-05-08,2.20083
1981-05-15,2.36085
1981-05-22,2.52687
1981-05-29,2.70018
1981-06-05,2.86856
1981-06-12,3.03187
1981-06-19,3.18004
1981-06-26,3.30740
1981-07-03,3.40748
1981-07-10,3.47841
1981-07-17,3.51898
1981-07-24,3.52714
1981-07-31,3.51011
1981-08-07,3.46757
1981-08-14,3.40641
1981-08-21,3.33335
1981-08-28,3.25653
1981-09-04,3.17900
1981-09-11,3.10825
1981-09-18,3.04159
1981-09-25,2.97949
1981-10-02,2.92468
1981-10-09,2.86958
1981-10-16,2.81662
1981-10-23,2.76245
1981-10-30,2.70283
1981-11-06,2.63366
1981-11-13,2.55653
1981-11-20,2.47140
1981-11-27,2.38325
1981-12-04,2.29774
1981-12-11,2.21641
1981-12-18,2.13987
1981-12-25,2.07170
1982-01-01,2.01026
1982-01-08,1.95901
1982-01-15,1.92388
1982-01-22,1.90402
1982-01-29,1.90318
1982-02-05,1.91446
1982-02-12,1.93796
1982-02-19,1.96894
1982-02-26,2.00294
1982-03-05,2.03368
1982-03-12,2.06030
1982-03-19,2.08470
1982-03-26,2.10613
1982-04-02,2.12512
1982-04-09,2.14823
1982-04-16,2.17659
1982-04-23,2.21266
1982-04-30,2.26047
1982-05-07,2.32230
1982-05-14,2.39955
1982-05-21,2.49102
1982-05-28,2.58847
1982-06-04,2.68483
1982-06-11,2.77639
1982-06-18,2.85433
1982-06-25,2.91319
1982-07-02,2.95262
1982-07-09,2.97727
1982-07-16,2.99203
1982-07-23,3.01012
1982-07-30,3.04052
1982-08-06,3.09116
1982-08-13,3.16326
1982-08-20,3.24822
1982-08-27,3.33652
1982-09-03,3.41113
1982-09-10,3.45332
1982-09-17,3.44645
1982-09-24,3.37404
1982-10-01,3.23046
1982-10-08,3.01975
1982-10-15,2.75480
1982-10-22,2.45712
1982-10-29,2.14825
1982-11-05,1.84836
1982-11-12,1.57247
1982-11-19,1.33084
1982-11-26,1.12786
1982-12-03,0.96102
1982-12-10,0.82546
1982-12-17,0.71431
1982-12-24,0.61764
1982-12-31,0.53043
1983-01-07,0.44904
1983-01-14,0.37284
1983-01-21,0.30169
1983-01-28,0.23714
1983-02-04,0.17993
1983-02-11,0.13141
1983-02-18,0.09284
1983-02-25,0.06414
1983-03-04,0.04286
1983-03-11,0.02853
1983-03-18,0.01849
1983-03-25,0.00826
1983-04-01,-0.00393
1983-04-08,-0.02052
1983-04-15,-0.04249
1983-04-22,-0.06935
1983-04-29,-0.09954
1983-05-06,-0.13024
1983-05-13,-0.15802
1983-05-20,-0.17986
1983-05-27,-0.19539
1983-06-03,-0.20189
1983-06-10,-0.20029
1983-06-17,-0.19207
1983-06-24,-0.17815
1983-07-01,-0.15974
1983-07-08,-0.14015
1983-07-15,-0.12055
1983-07-22,-0.10380
1983-07-29,-0.09109
1983-08-05,-0.08343
1983-08-12,-0.08067
1983-08-19,-0.08289
1983-08-26,-0.08759
1983-09-02,-0.09316
1983-09-09,-0.09763
1983-09-16,-0.09922
1983-09-23,-0.09550
1983-09-30,-0.08614
1983-10-07,-0.07026
1983-10-14,-0.04878
1983-10-21,-0.02232
1983-10-28,0.00505
1983-11-04,0.03306
1983-11-11,0.05808
1983-11-18,0.07923
1983-11-25,0.09511
1983-12-02,0.10417
1983-12-09,0.10568
1983-12-16,0.09884
1983-12-23,0.08226
1983-12-30,0.05583
1984-01-06,0.02247
1984-01-13,-0.01637
1984-01-20,-0.05837
1984-01-27,-0.09933
1984-02-03,-0.13633
1984-02-10,-0.16689
1984-02-17,-0.18796
1984-02-24,-0.19842
1984-03-02,-0.19639
1984-03-09,-0.18031
1984-03-16,-0.14874
1984-03-23,-0.10087
1984-03-30,-0.03585
1984-04-06,0.04588
1984-04-13,0.14235
1984-04-20,0.25220
1984-04-27,0.37332
1984-05-04,0.50138
1984-05-11,0.63248
1984-05-18,0.76054
1984-05-25,0.87991
1984-06-01,0.98664
1984-06-08,1.07539
1984-06-15,1.14391
1984-06-22,1.18850
1984-06-29,1.20583
1984-07-06,1.19323
1984-07-13,1.15159
1984-07-20,1.08683
1984-07-27,1.00498
1984-08-03,0.91400
1984-08-10,0.82107
1984-08-17,0.73146
1984-08-24,0.64706
1984-08-31,0.56950
1984-09-07,0.50010
1984-09-14,0.43678
1984-09-21,0.37703
1984-09-28,0.31953
1984-10-05,0.26366
1984-10-12,0.20831
1984-10-19,0.15404
1984-10-26,0.10236
1984-11-02,0.05383
1984-11-09,0.00803
1984-11-16,-0.03615
1984-11-23,-0.07862
1984-11-30,-0.12066
1984-12-07,-0.16142
1984-12-14,-0.20265
1984-12-21,-0.24386
1984-12-28,-0.28341
1985-01-04,-0.32094
1985-01-11,-0.35318
1985-01-18,-0.37701
1985-01-25,-0.39125
1985-02-01,-0.39491
1985-02-08,-0.38821
1985-02-15,-0.37383
1985-02-22,-0.35428
1985-03-01,-0.33217
1985-03-08,-0.31105
1985-03-15,-0.29409
1985-03-22,-0.28264
1985-03-29,-0.27842
1985-04-05,-0.28323
1985-04-12,-0.29647
1985-04-19,-0.31736
1985-04-26,-0.34383
1985-05-03,-0.37267
1985-05-10,-0.40270
1985-05-17,-0.42941
1985-05-24,-0.45132
1985-05-31,-0.46669
1985-06-07,-0.47406
1985-06-14,-0.47247
1985-06-21,-0.46264
1985-06-28,-0.44489
1985-07-05,-0.42114
1985-07-12,-0.39244
1985-07-19,-0.35943
1985-07-26,-0.32309
1985-08-02,-0.28527
1985-08-09,-0.24722
1985-08-16,-0.21105
1985-08-23,-0.17912
1985-08-30,-0.15372
1985-09-06,-0.13674
1985-09-13,-0.12997
1985-09-20,-0.13493
1985-09-27,-0.15058
1985-10-04,-0.17618
1985-10-11,-0.20837
1985-10-18,-0.24354
1985-10-25,-0.27785
1985-11-01,-0.30751
1985-11-08,-0.32947
1985-11-15,-0.34221
1985-11-22,-0.34465
1985-11-29,-0.33825
1985-12-06,-0.32520
1985-12-13,-0.30821
1985-12-20,-0.29085
1985-12-27,-0.27457
1986-01-03,-0.26311
1986-01-10,-0.25671
1986-01-17,-0.25581
1986-01-24,-0.26014
1986-01-31,-0.26902
1986-02-07,-0.27990
1986-02-14,-0.29108
1986-02-21,-0.30131
1986-02-28,-0.31002
1986-03-07,-0.31757
1986-03-14,-0.32529
1986-03-21,-0.33432
1986-03-28,-0.34649
1986-04-04,-0.36362
1986-04-11,-0.38466
1986-04-18,-0.40821
1986-04-25,-0.43263
1986-05-02,-0.45456
1986-05-09,-0.47202
1986-05-16,-0.48338
1986-05-23,-0.48800
1986-05-30,-0.48628
1986-06-06,-0.47951
1986-06-13,-0.46945
1986-06-20,-0.45968
1986-06-27,-0.45407
1986-07-04,-0.45492
1986-07-11,-0.46319
1986-07-18,-0.47952
1986-07-25,-0.50222
1986-08-01,-0.52807
1986-08-08,-0.55327
1986-08-15,-0.57549
1986-08-22,-0.59115
1986-08-29,-0.59829
1986-09-05,-0.59700
1986-09-12,-0.58776
1986-09-19,-0.57533
1986-09-26,-0.56209
1986-10-03,-0.55104
1986-10-10,-0.54460
1986-10-17,-0.54332
1986-10-24,-0.54568
1986-10-31,-0.55048
1986-11-07,-0.55620
1986-11-14,-0.56082
1986-11-21,-0.56179
1986-11-28,-0.55899
1986-12-05,-0.55213
1986-12-12,-0.54246
1986-12-19,-0.53062
1986-12-26,-0.51826
1987-01-02,-0.50894
1987-01-09,-0.50169
1987-01-16,-0.49749
1987-01-23,-0.49563
1987-01-30,-0.49483
1987-02-06,-0.49233
1987-02-13,-0.48496
1987-02-20,-0.46913
1987-02-27,-0.44353
1987-03-06,-0.40487
1987-03-13,-0.34899
1987-03-20,-0.27424
1987-03-27,-0.18092
1987-04-03,-0.07022
1987-04-10,0.05165
1987-04-17,0.17908
1987-04-24,0.30266
1987-05-01,0.41217
1987-05-08,0.50354
1987-05-15,0.56895
1987-05-22,0.60822
1987-05-29,0.61592
1987-06-05,0.59650
1987-06-12,0.55442
1987-06-19,0.49202
1987-06-26,0.41866
1987-07-03,0.33867
1987-07-10,0.25833
1987-07-17,0.17982
1987-07-24,0.10736
1987-07-31,0.04646
1987-08-07,0.00358
1987-08-14,-0.01787
1987-08-21,-0.00823
1987-08-28,0.03478
1987-09-04,0.11188
1987-09-11,0.21662
1987-09-18,0.34461
1987-09-25,0.48698
1987-10-02,0.63726
1987-10-09,0.78274
1987-10-16,0.91326
1987-10-23,1.02048
1987-10-30,1.09730
1987-11-06,1.13706
1987-11-13,1.14795
1987-11-20,1.13610
1987-11-27,1.10380
1987-12-04,1.05660
1987-12-11,0.99195
1987-12-18,0.91597
1987-12-25,0.82866
1988-01-01,0.73438
1988-01-08,0.63637
1988-01-15,0.54054
1988-01-22,0.44722
1988-01-29,0.36024
1988-02-05,0.28232
1988-02-12,0.21703
1988-02-19,0.16713
1988-02-26,0.13196
1988-03-04,0.11164
1988-03-11,0.10565
1988-03-18,0.11309
1988-03-25,0.12978
1988-04-01,0.15405
1988-04-08,0.18232
1988-04-15,0.20848
1988-04-22,0.23072
1988-04-29,0.24499
1988-05-06,0.25213
1988-05-13,0.25436
1988-05-20,0.25364
1988-05-27,0.25296
1988-06-03,0.25588
1988-06-10,0.26379
1988-06-17,0.27813
1988-06-24,0.29968
1988-07-01,0.32712
1988-07-08,0.35690
1988-07-15,0.38570
1988-07-22,0.41026
1988-07-29,0.42650
1988-08-05,0.43348
1988-08-12,0.43028
1988-08-19,0.41731
1988-08-26,0.39507
1988-09-02,0.36697
1988-09-09,0.33512
1988-09-16,0.30389
1988-09-23,0.27602
1988-09-30,0.25185
1988-10-07,0.23113
1988-10-14,0.21327
1988-10-21,0.19779
1988-10-28,0.18451
1988-11-04,0.17331
1988-11-11,0.16472
1988-11-18,0.15785
1988-11-25,0.15316
1988-12-02,0.14902
1988-12-09,0.14591
1988-12-16,0.14264
1988-12-23,0.14064
1988-12-30,0.13975
1989-01-06,0.14212
1989-01-13,0.14904
1989-01-20,0.16258
1989-01-27,0.18592
1989-02-03,0.22193
1989-02-10,0.27150
1989-02-17,0.33444
1989-02-24,0.40655
1989-03-03,0.48424
1989-03-10,0.55995
1989-03-17,0.62840
1989-03-24,0.68210
1989-03-31,0.71532
1989-04-07,0.72527
1989-04-14,0.71076
1989-04-21,0.67217
1989-04-28,0.61786
1989-05-05,0.55098
1989-05-12,0.48154
1989-05-19,0.41530
1989-05-26,0.35952
1989-06-02,0.31739
1989-06-09,0.28943
1989-06-16,0.27240
1989-06-23,0.26229
1989-06-30,0.25360
1989-07-07,0.24388
1989-07-14,0.23059
1989-07-21,0.21641
1989-07-28,0.20452
1989-08-04,0.19718
1989-08-11,0.19944
1989-08-18,0.21185
1989-08-25,0.23426
1989-09-01,0.26510
1989-09-08,0.29951
1989-09-15,0.33335
1989-09-22,0.36005
1989-09-29,0.37695
1989-10-06,0.37998
1989-10-13,0.36714
1989-10-20,0.33916
1989-10-27,0.29834
1989-11-03,0.24861
1989-11-10,0.19594
1989-11-17,0.14441
1989-11-24,0.09896
1989-12-01,0.06260
1989-12-08,0.03740
1989-12-15,0.02335
1989-12-22,0.01958
1989-12-29,0.02342
1990-01-05,0.03319
1990-01-12,0.04488
1990-01-19,0.05478
1990-01-26,0.06204
1990-02-02,0.06398
1990-02-09,0.06126
1990-02-16,0.05559
1990-02-23,0.04911
1990-03-02,0.04455
1990-03-09,0.04375
1990-03-16,0.04924
1990-03-23,0.06006
1990-03-30,0.07503
1990-04-06,0.09159
1990-04-13,0.10420
1990-04-20,0.11089
1990-04-27,0.10809
1990-05-04,0.09345
1990-05-11,0.06776
1990-05-18,0.03270
1990-05-25,-0.00846
1990-06-01,-0.05167
1990-06-08,-0.09178
1990-06-15,-0.12479
1990-06-22,-0.14782
1990-06-29,-0.15798
1990-07-06,-0.15477
1990-07-13,-0.13935
1990-07-20,-0.11239
1990-07-27,-0.07563
1990-08-03,-0.03146
1990-08-10,0.01887
1990-08-17,0.07144
1990-08-24,0.12618
1990-08-31,0.18020
1990-09-07,0.23380
1990-09-14,0.28488
1990-09-21,0.33262
1990-09-28,0.37578
1990-10-05,0.40884
1990-10-12,0.43226
1990-10-19,0.44654
1990-10-26,0.45160
1990-11-02,0.45197
1990-11-09,0.45121
1990-11-16,0.45118
1990-11-23,0.45543
1990-11-30,0.46606
1990-12-07,0.47896
1990-12-14,0.49401
1990-12-21,0.50908
1990-12-28,0.51639
1991-01-04,0.50913
1991-01-11,0.48810
1991-01-18,0.44887
1991-01-25,0.38986
1991-02-01,0.32126
1991-02-08,0.24617
1991-02-15,0.17080
1991-02-22,0.09972
1991-03-01,0.03549
1991-03-08,-0.02199
1991-03-15,-0.07197
1991-03-22,-0.11448
1991-03-29,-0.15049
1991-04-05,-0.17998
1991-04-12,-0.20402
1991-04-19,-0.22346
1991-04-26,-0.23705
1991-05-03,-0.24557
1991-05-10,-0.24908
1991-05-17,-0.24771
1991-05-24,-0.24349
1991-05-31,-0.23857
1991-06-07,-0.23630
1991-06-14,-0.23947
1991-06-21,-0.25088
1991-06-28,-0.27071
1991-07-05,-0.30000
1991-07-12,-0.33571
1991-07-19,-0.37585
1991-07-26,-0.41636
1991-08-02,-0.45392
1991-08-09,-0.48643
1991-08-16,-0.51161
1991-08-23,-0.52966
1991-08-30,-0.54245
1991-09-06,-0.54973
1991-09-13,-0.55517
1991-09-20,-0.55890
1991-09-27,-0.56199
1991-10-04,-0.56503
1991-10-11,-0.56974
1991-10-18,-0.57562
1991-10-25,-0.58276
1991-11-01,-0.59153
1991-11-08,-0.60097
1991-11-15,-0.61060
1991-11-22,-0.62012
1991-11-29,-0.63011
1991-12-06,-0.64048
1991-12-13,-0.65084
1991-12-20,-0.65862
1991-12-27,-0.66543
1992-01-03,-0.66729
1992-01-10,-0.66802
1992-01-17,-0.66515
1992-01-24,-0.66173
1992-01-31,-0.65918
1992-02-07,-0.65716
1992-02-14,-0.65628
1992-02-21,-0.65612
1992-02-28,-0.65742
1992-03-06,-0.66037
1992-03-13,-0.66502
1992-03-20,-0.67319
1992-03-27,-0.68512
1992-04-03,-0.70045
1992-04-10,-0.71935
1992-04-17,-0.74017
1992-04-24,-0.76246
1992-05-01,-0.78521
1992-05-08,-0.80671
1992-05-15,-0.82672
1992-05-22,-0.84511
1992-05-29,-0.86112
1992-06-05,-0.87579
1992-06-12,-0.89020
1992-06-19,-0.90388
1992-06-26,-0.91646
1992-07-03,-0.92717
1992-07-10,-0.93482
1992-07-17,-0.93985
1992-07-24,-0.94143
1992-07-31,-0.93983
1992-08-07,-0.93475
1992-08-14,-0.92671
1992-08-21,-0.91511
1992-08-28,-0.89995
1992-09-04,-0.88127
1992-09-11,-0.85962
1992-09-18,-0.83379
1992-09-25,-0.80458
1992-10-02,-0.77347
1992-10-09,-0.74329
1992-10-16,-0.71627
1992-10-23,-0.69548
1992-10-30,-0.68360
1992-11-06,-0.68238
1992-11-13,-0.69093
1992-11-20,-0.70961
1992-11-27,-0.73752
1992-12-04,-0.77252
1992-12-11,-0.81144
1992-12-18,-0.84926
1992-12-25,-0.88371
1993-01-01,-0.91180
1993-01-08,-0.93222
1993-01-15,-0.94663
1993-01-22,-0.95528
1993-01-29,-0.95885
1993-02-05,-0.95951
1993-02-12,-0.95875
1993-02-19,-0.95746
1993-02-26,-0.95829
1993-03-05,-0.96045
1993-03-12,-0.96447
1993-03-19,-0.97017
1993-03-26,-0.97710
1993-04-02,-0.98387
1993-04-09,-0.99006
1993-04-16,-0.99443
1993-04-23,-0.99602
1993-04-30,-0.99567
1993-05-07,-0.99247
1993-05-14,-0.98820
1993-05-21,-0.98474
1993-05-28,-0.98351
1993-06-04,-0.98590
1993-06-11,-0.99359
1993-06-18,-1.00618
1993-06-25,-1.02200
1993-07-02,-1.03936
1993-07-09,-1.05701
1993-07-16,-1.07259
1993-07-23,-1.08529
1993-07-30,-1.09369
1993-08-06,-1.09823
1993-08-13,-1.09914
1993-08-20,-1.09689
1993-08-27,-1.09196
1993-09-03,-1.08519
1993-09-10,-1.07650
1993-09-17,-1.06545
1993-09-24,-1.05259
1993-10-01,-1.03796
1993-10-08,-1.02216
1993-10-15,-1.00499
1993-10-22,-0.98702
1993-10-29,-0.96931
1993-11-05,-0.95386
1993-11-12,-0.94297
1993-11-19,-0.93785
1993-11-26,-0.93970
1993-12-03,-0.94786
1993-12-10,-0.96077
1993-12-17,-0.97653
1993-12-24,-0.99242
1993-12-31,-1.00623
1994-01-07,-1.01653
1994-01-14,-1.02250
1994-01-21,-1.02173
1994-01-28,-1.01484
1994-02-04,-1.00061
1994-02-11,-0.97918
1994-02-18,-0.95264
1994-02-25,-0.92206
1994-03-04,-0.88847
1994-03-11,-0.85463
1994-03-18,-0.82241
1994-03-25,-0.79283
1994-04-01,-0.76755
1994-04-08,-0.74859
1994-04-15,-0.73565
1994-04-22,-0.72741
1994-04-29,-0.72436
1994-05-06,-0.72261
1994-05-13,-0.72247
1994-05-20,-0.72386
1994-05-27,-0.72472
1994-06-03,-0.72353
1994-06-10,-0.72261
1994-06-17,-0.72032
1994-06-24,-0.71902
1994-07-01,-0.72028
1994-07-08,-0.72715
1994-07-15,-0.73931
1994-07-22,-0.75585
1994-07-29,-0.77381
1994-08-05,-0.79045
1994-08-12,-0.80380
1994-08-19,-0.81093
1994-08-26,-0.80968
1994-09-02,-0.79947
1994-09-09,-0.78068
1994-09-16,-0.75448
1994-09-23,-0.72469
1994-09-30,-0.69393
1994-10-07,-0.66578
1994-10-14,-0.64170
1994-10-21,-0.62107
1994-10-28,-0.60186
1994-11-04,-0.58250
1994-11-11,-0.56055
1994-11-18,-0.53497
1994-11-25,-0.50580
1994-12-02,-0.47539
1994-12-09,-0.44551
1994-12-16,-0.42218
1994-12-23,-0.40769
1994-12-30,-0.40532
1995-01-06,-0.41618
1995-01-13,-0.43903
1995-01-20,-0.47037
1995-01-27,-0.50622
1995-02-03,-0.54292
1995-02-10,-0.57655
1995-02-17,-0.60408
1995-02-24,-0.62448
1995-03-03,-0.63660
1995-03-10,-0.64156
1995-03-17,-0.64266
1995-03-24,-0.64145
1995-03-31,-0.64119
1995-04-07,-0.64354
1995-04-14,-0.65007
1995-04-21,-0.66083
1995-04-28,-0.67455
1995-05-05,-0.68914
1995-05-12,-0.70275
1995-05-19,-0.71208
1995-05-26,-0.71605
1995-06-02,-0.71336
1995-06-09,-0.70637
1995-06-16,-0.69575
1995-06-23,-0.68538
1995-06-30,-0.67685
1995-07-07,-0.67196
1995-07-14,-0.67262
1995-07-21,-0.67690
1995-07-28,-0.68393
1995-08-04,-0.69333
1995-08-11,-0.70281
1995-08-18,-0.71050
1995-08-25,-0.71559
1995-09-01,-0.71689
1995-09-08,-0.71506
1995-09-15,-0.71134
1995-09-22,-0.70603
1995-09-29,-0.70154
1995-10-06,-0.70047
1995-10-13,-0.70253
1995-10-20,-0.70843
1995-10-27,-0.71738
1995-11-03,-0.72915
1995-11-10,-0.74116
1995-11-17,-0.75032
1995-11-24,-0.75603
1995-12-01,-0.75741
1995-12-08,-0.75527
1995-12-15,-0.75075
1995-12-22,-0.74702
1995-12-29,-0.74662
1996-01-05,-0.75237
1996-01-12,-0.76273
1996-01-19,-0.77750
1996-01-26,-0.79510
1996-02-02,-0.81150
1996-02-09,-0.82271
1996-02-16,-0.82696
1996-02-23,-0.82280
1996-03-01,-0.80943
1996-03-08,-0.79029
1996-03-15,-0.76675
1996-03-22,-0.74347
1996-03-29,-0.72204
1996-04-05,-0.70487
1996-04-12,-0.69250
1996-04-19,-0.68694
1996-04-26,-0.68822
1996-05-03,-0.69379
1996-05-10,-0.70213
1996-05-17,-0.71086
1996-05-24,-0.71694
1996-05-31,-0.71932
1996-06-07,-0.71728
1996-06-14,-0.71312
1996-06-21,-0.70783
1996-06-28,-0.70372
1996-07-05,-0.70137
1996-07-12,-0.70199
1996-07-19,-0.70690
1996-07-26,-0.71527
1996-08-02,-0.72506
1996-08-09,-0.73601
1996-08-16,-0.74405
1996-08-23,-0.74818
1996-08-30,-0.74787
1996-09-06,-0.74365
1996-09-13,-0.73872
1996-09-20,-0.73454
1996-09-27,-0.73316
1996-10-04,-0.73625
1996-10-11,-0.74396
1996-10-18,-0.75449
1996-10-25,-0.76650
1996-11-01,-0.77771
1996-11-08,-0.78560
1996-11-15,-0.78787
1996-11-22,-0.78393
1996-11-29,-0.77346
1996-12-06,-0.75796
1996-12-13,-0.74002
1996-12-20,-0.72293
1996-12-27,-0.70887
1997-01-03,-0.69905
1997-01-10,-0.69429
1997-01-17,-0.69586
1997-01-24,-0.70224
1997-01-31,-0.71179
1997-02-07,-0.72236
1997-02-14,-0.73219
1997-02-21,-0.73764
1997-02-28,-0.73800
1997-03-07,-0.73245
1997-03-14,-0.72205
1997-03-21,-0.70823
1997-03-28,-0.69272
1997-04-04,-0.67649
1997-04-11,-0.66199
1997-04-18,-0.64968
1997-04-25,-0.64011
1997-05-02,-0.63431
1997-05-09,-0.63061
1997-05-16,-0.62896
1997-05-23,-0.62878
1997-05-30,-0.62915
1997-06-06,-0.63046
1997-06-13,-0.63326
1997-06-20,-0.63701
1997-06-27,-0.64136
1997-07-04,-0.64691
1997-07-11,-0.65148
1997-07-18,-0.65552
1997-07-25,-0.65857
1997-08-01,-0.65989
1997-08-08,-0.65949
1997-08-15,-0.65734
1997-08-22,-0.65388
1997-08-29,-0.64905
1997-09-05,-0.64315
1997-09-12,-0.63573
1997-09-19,-0.62641
1997-09-26,-0.61438
1997-10-03,-0.59942
1997-10-10,-0.58057
1997-10-17,-0.55870
1997-10-24,-0.53527
1997-10-31,-0.51244
1997-11-07,-0.49453
1997-11-14,-0.48094
1997-11-21,-0.47447
1997-11-28,-0.47413
1997-12-05,-0.47884
1997-12-12,-0.48693
1997-12-19,-0.49901
1997-12-26,-0.51430
1998-01-02,-0.53081
1998-01-09,-0.54765
1998-01-16,-0.56599
1998-01-23,-0.58337
1998-01-30,-0.60017
1998-02-06,-0.61554
1998-02-13,-0.62756
1998-02-20,-0.63614
1998-02-27,-0.64051
1998-03-06,-0.63989
1998-03-13,-0.63689
1998-03-20,-0.63286
1998-03-27,-0.62748
1998-04-03,-0.62200
1998-04-10,-0.61688
1998-04-17,-0.61154
1998-04-24,-0.60564
1998-05-01,-0.59941
1998-05-08,-0.59314
1998-05-15,-0.58683
1998-05-22,-0.58033
1998-05-29,-0.57273
1998-06-05,-0.56662
1998-06-12,-0.56163
1998-06-19,-0.55878
1998-06-26,-0.55732
1998-07-03,-0.55672
1998-07-10,-0.55450
1998-07-17,-0.54814
1998-07-24,-0.53446
1998-07-31,-0.51169
1998-08-07,-0.47760
1998-08-14,-0.43231
1998-08-21,-0.37729
1998-08-28,-0.31455
1998-09-04,-0.24891
1998-09-11,-0.18445
1998-09-18,-0.12363
1998-09-25,-0.06987
1998-10-02,-0.02681
1998-10-09,0.00294
1998-10-16,0.01580
1998-10-23,0.01069
1998-10-30,-0.00748
1998-11-06,-0.03399
1998-11-13,-0.06180
1998-11-20,-0.09082
1998-11-27,-0.11645
1998-12-04,-0.13762
1998-12-11,-0.15680
1998-12-18,-0.17478
1998-12-25,-0.19262
1999-01-01,-0.20921
1999-01-08,-0.22404
1999-01-15,-0.23963
1999-01-22,-0.25624
1999-01-29,-0.27478
1999-02-05,-0.29464
1999-02-12,-0.31525
1999-02-19,-0.33605
1999-02-26,-0.35530
1999-03-05,-0.37179
1999-03-12,-0.38608
1999-03-19,-0.39736
1999-03-26,-0.40574
1999-04-02,-0.41210
1999-04-09,-0.41705
1999-04-16,-0.42130
1999-04-23,-0.42472
1999-04-30,-0.42715
1999-05-07,-0.42721
1999-05-14,-0.42316
1999-05-21,-0.41473
1999-05-28,-0.40242
1999-06-04,-0.38740
1999-06-11,-0.37050
1999-06-18,-0.35232
1999-06-25,-0.33262
1999-07-02,-0.31135
1999-07-09,-0.28780
1999-07-16,-0.26193
1999-07-23,-0.23612
1999-07-30,-0.21231
1999-08-06,-0.19092
1999-08-13,-0.17407
1999-08-20,-0.16141
1999-08-27,-0.15062
1999-09-03,-0.13924
1999-09-10,-0.12654
1999-09-17,-0.11367
1999-09-24,-0.10149
1999-10-01,-0.09101
1999-10-08,-0.08478
1999-10-15,-0.08680
1999-10-22,-0.09638
1999-10-29,-0.11165
1999-11-05,-0.12944
1999-11-12,-0.14710
1999-11-19,-0.16172
1999-11-26,-0.16920
1999-12-03,-0.17136
1999-12-10,-0.16980
1999-12-17,-0.16854
1999-12-24,-0.16900
1999-12-31,-0.17251
2000-01-07,-0.18235
2000-01-14,-0.19361
2000-01-21,-0.20395
2000-01-28,-0.21130
2000-02-04,-0.21321
2000-02-11,-0.21097
2000-02-18,-0.20323
2000-02-25,-0.19043
2000-03-03,-0.17440
2000-03-10,-0.15440
2000-03-17,-0.13227
2000-03-24,-0.11012
2000-03-31,-0.08934
2000-04-07,-0.07362
2000-04-14,-0.05936
2000-04-21,-0.04645
2000-04-28,-0.03258
2000-05-05,-0.01680
2000-05-12,-0.00160
2000-05-19,0.01258
2000-05-26,0.02462
2000-06-02,0.03198
2000-06-09,0.03320
2000-06-16,0.02853
2000-06-23,0.01672
2000-06-30,-0.00133
2000-07-07,-0.02613
2000-07-14,-0.05527
2000-07-21,-0.08578
2000-07-28,-0.11617
2000-08-04,-0.14418
2000-08-11,-0.16827
2000-08-18,-0.18645
2000-08-25,-0.19878
2000-09-01,-0.20615
2000-09-08,-0.20816
2000-09-15,-0.20676
2000-09-22,-0.20246
2000-09-29,-0.19653
2000-10-06,-0.18978
2000-10-13,-0.18178
2000-10-20,-0.17509
2000-10-27,-0.16810
2000-11-03,-0.15846
2000-11-10,-0.14518
2000-11-17,-0.12751
2000-11-24,-0.10695
2000-12-01,-0.08658
2000-12-08,-0.07107
2000-12-15,-0.06541
2000-12-22,-0.07049
2000-12-29,-0.09063
2001-01-05,-0.12019
2001-01-12,-0.15570
2001-01-19,-0.19236
2001-01-26,-0.22554
2001-02-02,-0.25238
2001-02-09,-0.27089
2001-02-16,-0.27992
2001-02-23,-0.27918
2001-03-02,-0.27311
2001-03-09,-0.26438
2001-03-16,-0.25548
2001-03-23,-0.25147
2001-03-30,-0.25497
2001-04-06,-0.26467
2001-04-13,-0.28374
2001-04-20,-0.30809
2001-04-27,-0.33481
2001-05-04,-0.36267
2001-05-11,-0.38788
2001-05-18,-0.40767
2001-05-25,-0.42357
2001-06-01,-0.43480
2001-06-08,-0.44254
2001-06-15,-0.44840
2001-06-22,-0.45405
2001-06-29,-0.46079
2001-07-06,-0.46989
2001-07-13,-0.48027
2001-07-20,-0.49072
2001-07-27,-0.50021
2001-08-03,-0.50503
2001-08-10,-0.50079
2001-08-17,-0.48712
2001-08-24,-0.46317
2001-08-31,-0.43245
2001-09-07,-0.39873
2001-09-14,-0.36675
2001-09-21,-0.34460
2001-09-28,-0.33812
2001-10-05,-0.34031
2001-10-12,-0.35160
2001-10-19,-0.36720
2001-10-26,-0.38367
2001-11-02,-0.39526
2001-11-09,-0.40059
2001-11-16,-0.39889
2001-11-23,-0.38886
2001-11-30,-0.37510
2001-12-07,-0.36253
2001-12-14,-0.35629
2001-12-21,-0.35860
2001-12-28,-0.37193
2002-01-04,-0.39213
2002-01-11,-0.41762
2002-01-18,-0.44302
2002-01-25,-0.46421
2002-02-01,-0.47937
2002-02-08,-0.48844
2002-02-15,-0.49281
2002-02-22,-0.49306
2002-03-01,-0.49246
2002-03-08,-0.49148
2002-03-15,-0.49206
2002-03-22,-0.49620
2002-03-29,-0.50444
2002-04-05,-0.51775
2002-04-12,-0.53631
2002-04-19,-0.55808
2002-04-26,-0.58082
2002-05-03,-0.60303
2002-05-10,-0.61941
2002-05-17,-0.62996
2002-05-24,-0.63191
2002-05-31,-0.62584
2002-06-07,-0.61177
2002-06-14,-0.59154
2002-06-21,-0.56692
2002-06-28,-0.53967
2002-07-05,-0.51192
2002-07-12,-0.48481
2002-07-19,-0.46112
2002-07-26,-0.44072
2002-08-02,-0.42646
2002-08-09,-0.41519
2002-08-16,-0.40772
2002-08-23,-0.39968
2002-08-30,-0.39127
2002-09-06,-0.38069
2002-09-13,-0.37007
2002-09-20,-0.36056
2002-09-27,-0.35476
2002-10-04,-0.35412
2002-10-11,-0.35996
2002-10-18,-0.37258
2002-10-25,-0.38817
2002-11-01,-0.40657
2002-11-08,-0.42430
2002-11-15,-0.43963
2002-11-22,-0.45034
2002-11-29,-0.45664
2002-12-06,-0.45910
2002-12-13,-0.46239
2002-12-20,-0.46620
2002-12-27,-0.47289
2003-01-03,-0.48353
2003-01-10,-0.49660
2003-01-17,-0.50893
2003-01-24,-0.51849
2003-01-31,-0.52558
2003-02-07,-0.52944
2003-02-14,-0.53203
2003-02-21,-0.53467
2003-02-28,-0.53890
2003-03-07,-0.54550
2003-03-14,-0.55552
2003-03-21,-0.57020
2003-03-28,-0.58972
2003-04-04,-0.61296
2003-04-11,-0.63843
2003-04-18,-0.66295
2003-04-25,-0.68423
2003-05-02,-0.70046
2003-05-09,-0.71008
2003-05-16,-0.71454
2003-05-23,-0.71503
2003-05-30,-0.71368
2003-06-06,-0.71183
2003-06-13,-0.71115
2003-06-20,-0.71258
2003-06-27,-0.71519
2003-07-04,-0.71808
2003-07-11,-0.71959
2003-07-18,-0.71784
2003-07-25,-0.71283
2003-08-01,-0.70301
2003-08-08,-0.69286
2003-08-15,-0.68286
2003-08-22,-0.67477
2003-08-29,-0.66963
2003-09-05,-0.66815
2003-09-12,-0.67044
2003-09-19,-0.67573
2003-09-26,-0.68263
2003-10-03,-0.69044
2003-10-10,-0.69901
2003-10-17,-0.70696
2003-10-24,-0.71263
2003-10-31,-0.71709
2003-11-07,-0.71921
2003-11-14,-0.71938
2003-11-21,-0.71819
2003-11-28,-0.71689
2003-12-05,-0.71508
2003-12-12,-0.71586
2003-12-19,-0.71919
2003-12-26,-0.72546
2004-01-02,-0.73534
2004-01-09,-0.74848
2004-01-16,-0.76227
2004-01-23,-0.77557
2004-01-30,-0.78780
2004-02-06,-0.79773
2004-02-13,-0.80642
2004-02-20,-0.81255
2004-02-27,-0.81606
2004-03-05,-0.81674
2004-03-12,-0.81527
2004-03-19,-0.81112
2004-03-26,-0.80455
2004-04-02,-0.79611
2004-04-09,-0.78511
2004-04-16,-0.77171
2004-04-23,-0.75653
2004-04-30,-0.74114
2004-05-07,-0.72627
2004-05-14,-0.71362
2004-05-21,-0.70358
2004-05-28,-0.69645
2004-06-04,-0.69164
2004-06-11,-0.68897
2004-06-18,-0.68756
2004-06-25,-0.68795
2004-07-02,-0.68927
2004-07-09,-0.69125
2004-07-16,-0.69304
2004-07-23,-0.69507
2004-07-30,-0.69715
2004-08-06,-0.69838
2004-08-13,-0.70023
2004-08-20,-0.70155
2004-08-27,-0.70263
2004-09-03,-0.70236
2004-09-10,-0.70226
2004-09-17,-0.70193
2004-09-24,-0.70134
2004-10-01,-0.70057
2004-10-08,-0.70050
2004-10-15,-0.70122
2004-10-22,-0.70377
2004-10-29,-0.70687
2004-11-05,-0.71040
2004-11-12,-0.71455
2004-11-19,-0.71670
2004-11-26,-0.71734
2004-12-03,-0.71573
2004-12-10,-0.71274
2004-12-17,-0.70801
2004-12-24,-0.70282
2004-12-31,-0.69872
2005-01-07,-0.69642
2005-01-14,-0.69690
2005-01-21,-0.69940
2005-01-28,-0.70397
2005-02-04,-0.70943
2005-02-11,-0.71338
2005-02-18,-0.71416
2005-02-25,-0.71138
2005-03-04,-0.70443
2005-03-11,-0.69417
2005-03-18,-0.68089
2005-03-25,-0.66648
2005-04-01,-0.65214
2005-04-08,-0.63886
2005-04-15,-0.62718
2005-04-22,-0.61771
2005-04-29,-0.61062
2005-05-06,-0.60542
2005-05-13,-0.60176
2005-05-20,-0.60009
2005-05-27,-0.60041
2005-06-03,-0.60107
2005-06-10,-0.60249
2005-06-17,-0.60369
2005-06-24,-0.60526
2005-07-01,-0.60720
2005-07-08,-0.60876
2005-07-15,-0.61171
2005-07-22,-0.61370
2005-07-29,-0.61480
2005-08-05,-0.61378
2005-08-12,-0.61129
2005-08-19,-0.60625
2005-08-26,-0.59961
2005-09-02,-0.59175
2005-09-09,-0.58392
2005-09-16,-0.57650
2005-09-23,-0.57063
2005-09-30,-0.56752
2005-10-07,-0.56824
2005-10-14,-0.57232
2005-10-21,-0.57814
2005-10-28,-0.58433
2005-11-04,-0.58834
2005-11-11,-0.58985
2005-11-18,-0.58735
2005-11-25,-0.58246
2005-12-02,-0.57589
2005-12-09,-0.56941
2005-12-16,-0.56455
2005-12-23,-0.56309
2005-12-30,-0.56482
2006-01-06,-0.57098
2006-01-13,-0.58078
2006-01-20,-0.59139
2006-01-27,-0.60353
2006-02-03,-0.61429
2006-02-10,-0.62284
2006-02-17,-0.62941
2006-02-24,-0.63350
2006-03-03,-0.63467
2006-03-10,-0.63420
2006-03-17,-0.63287
2006-03-24,-0.63135
2006-03-31,-0.62886
2006-04-07,-0.62677
2006-04-14,-0.62449
2006-04-21,-0.62275
2006-04-28,-0.62004
2006-05-05,-0.61485
2006-05-12,-0.60760
2006-05-19,-0.59626
2006-05-26,-0.58291
2006-06-02,-0.56867
2006-06-09,-0.55494
2006-06-16,-0.54247
2006-06-23,-0.53353
2006-06-30,-0.52942
2006-07-07,-0.53005
2006-07-14,-0.53584
2006-07-21,-0.54600
2006-07-28,-0.55956
2006-08-04,-0.57373
2006-08-11,-0.58687
2006-08-18,-0.59737
2006-08-25,-0.60421
2006-09-01,-0.60710
2006-09-08,-0.60716
2006-09-15,-0.60603
2006-09-22,-0.60544
2006-09-29,-0.60644
2006-10-06,-0.60994
2006-10-13,-0.61598
2006-10-20,-0.62253
2006-10-27,-0.62879
2006-11-03,-0.63245
2006-11-10,-0.63368
2006-11-17,-0.63221
2006-11-24,-0.62869
2006-12-01,-0.62444
2006-12-08,-0.62168
2006-12-15,-0.62225
2006-12-22,-0.62676
2006-12-29,-0.63515
2007-01-05,-0.64690
2007-01-12,-0.65992
2007-01-19,-0.67214
2007-01-26,-0.68147
2007-02-02,-0.68514
2007-02-09,-0.68361
2007-02-16,-0.67584
2007-02-23,-0.66332
2007-03-02,-0.64763
2007-03-09,-0.63317
2007-03-16,-0.62101
2007-03-23,-0.61269
2007-03-30,-0.60678
2007-04-06,-0.60295
2007-04-13,-0.59926
2007-04-20,-0.59479
2007-04-27,-0.58823
2007-05-04,-0.57948
2007-05-11,-0.57098
2007-05-18,-0.56208
2007-05-25,-0.55365
2007-06-01,-0.54728
2007-06-08,-0.54427
2007-06-15,-0.54060
2007-06-22,-0.53524
2007-06-29,-0.52317
2007-07-06,-0.49851
2007-07-13,-0.45399
2007-07-20,-0.38580
2007-07-27,-0.29217
2007-08-03,-0.18032
2007-08-10,-0.06011
2007-08-17,0.05811
2007-08-24,0.15291
2007-08-31,0.20485
2007-09-07,0.22093
2007-09-14,0.19728
2007-09-21,0.14057
2007-09-28,0.07534
2007-10-05,0.01468
2007-10-12,-0.02571
2007-10-19,-0.03258
2007-10-26,-0.00193
2007-11-02,0.06489
2007-11-09,0.16291
2007-11-16,0.27375
2007-11-23,0.38625
2007-11-30,0.47963
2007-12-07,0.54257
2007-12-14,0.56908
2007-12-21,0.55849
2007-12-28,0.51871
2008-01-04,0.47082
2008-01-11,0.42587
2008-01-18,0.40212
2008-01-25,0.40960
2008-02-01,0.43937
2008-02-08,0.50082
2008-02-15,0.58564
2008-02-22,0.68484
2008-02-29,0.78511
2008-03-07,0.87683
2008-03-14,0.93820
2008-03-21,0.96289
2008-03-28,0.94248
2008-04-04,0.88962
2008-04-11,0.81592
2008-04-18,0.73368
2008-04-25,0.64812
2008-05-02,0.57304
2008-05-09,0.51841
2008-05-16,0.48591
2008-05-23,0.48096
2008-05-30,0.50220
2008-06-06,0.54791
2008-06-13,0.60192
2008-06-20,0.65841
2008-06-27,0.71065
2008-07-04,0.74307
2008-07-11,0.75206
2008-07-18,0.74224
2008-07-25,0.71387
2008-08-01,0.68303
2008-08-08,0.66721
2008-08-15,0.67472
2008-08-22,0.73035
2008-08-29,0.83815
2008-09-05,1.00551
2008-09-12,1.22638
2008-09-19,1.51029
2008-09-26,1.79168
2008-10-03,2.07230
2008-10-10,2.32381
2008-10-17,2.51918
2008-10-24,2.66075
2008-10-31,2.78154
2008-11-07,2.87392
2008-11-14,2.95438
2008-11-21,3.03125
2008-11-28,3.05830
2008-12-05,3.05182
2008-12-12,2.98744
2008-12-19,2.86318
2008-12-26,2.70367
2009-01-02,2.55089
2009-01-09,2.39844
2009-01-16,2.27488
2009-01-23,2.18492
2009-01-30,2.12528
2009-02-06,2.09504
2009-02-13,2.09568
2009-02-20,2.11252
2009-02-27,2.12897
2009-03-06,2.13323
2009-03-13,2.09591
2009-03-20,2.02345
2009-03-27,1.91832
2009-04-03,1.79396
2009-04-10,1.65402
2009-04-17,1.51238
2009-04-24,1.37349
2009-05-01,1.23856
2009-05-08,1.11474
2009-05-15,1.01342
2009-05-22,0.92943
2009-05-29,0.87025
2009-06-05,0.82314
2009-06-12,0.78753
2009-06-19,0.75742
2009-06-26,0.72071
2009-07-03,0.67540
2009-07-10,0.62042
2009-07-17,0.55387
2009-07-24,0.48253
2009-07-31,0.41404
2009-08-07,0.35435
2009-08-14,0.30560
2009-08-21,0.26524
2009-08-28,0.22874
2009-09-04,0.19664
2009-09-11,0.16365
2009-09-18,0.13083
2009-09-25,0.10196
2009-10-02,0.07980
2009-10-09,0.05905
2009-10-16,0.04208
2009-10-23,0.02884
2009-10-30,0.02096
2009-11-06,0.01208
2009-11-13,0.00029
2009-11-20,-0.01354
2009-11-27,-0.03195
2009-12-04,-0.05636
2009-12-11,-0.08710
2009-12-18,-0.11960
2009-12-25,-0.15031
2010-01-01,-0.17536
2010-01-08,-0.19567
2010-01-15,-0.20516
2010-01-22,-0.20385
2010-01-29,-0.19960
2010-02-05,-0.19579
2010-02-12,-0.19890
2010-02-19,-0.21585
2010-02-26,-0.24444
2010-03-05,-0.28410
2010-03-12,-0.33022
2010-03-19,-0.37582
2010-03-26,-0.41653
2010-04-02,-0.44490
2010-04-09,-0.45663
2010-04-16,-0.44542
2010-04-23,-0.40984
2010-04-30,-0.35078
2010-05-07,-0.27388
2010-05-14,-0.19746
2010-05-21,-0.12433
2010-05-28,-0.06972
2010-06-04,-0.03866
2010-06-11,-0.02959
2010-06-18,-0.04419
2010-06-25,-0.07158
2010-07-02,-0.10607
2010-07-09,-0.14779
2010-07-16,-0.18819
2010-07-23,-0.22148
2010-07-30,-0.24605
2010-08-06,-0.26044
2010-08-13,-0.26539
2010-08-20,-0.26682
2010-08-27,-0.26901
2010-09-03,-0.27627
2010-09-10,-0.29096
2010-09-17,-0.31008
2010-09-24,-0.33184
2010-10-01,-0.35573
2010-10-08,-0.37932
2010-10-15,-0.40094
2010-10-22,-0.41834
2010-10-29,-0.43200
2010-11-05,-0.44115
2010-11-12,-0.44460
2010-11-19,-0.44681
2010-11-26,-0.44938
2010-12-03,-0.45527
2010-12-10,-0.46706
2010-12-17,-0.48232
2010-12-24,-0.50164
2010-12-31,-0.52269
2011-01-07,-0.54425
2011-01-14,-0.56444
2011-01-21,-0.58174
2011-01-28,-0.59370
2011-02-04,-0.59860
2011-02-11,-0.59693
2011-02-18,-0.58748
2011-02-25,-0.57250
2011-03-04,-0.55887
2011-03-11,-0.54836
2011-03-18,-0.54287
2011-03-25,-0.54783
2011-04-01,-0.55855
2011-04-08,-0.57283
2011-04-15,-0.58619
2011-04-22,-0.59569
2011-04-29,-0.59940
2011-05-06,-0.59624
2011-05-13,-0.58692
2011-05-20,-0.57460
2011-05-27,-0.56083
2011-06-03,-0.54749
2011-06-10,-0.53520
2011-06-17,-0.52641
2011-06-24,-0.51935
2011-07-01,-0.51233
2011-07-08,-0.50022
2011-07-15,-0.47770
2011-07-22,-0.44335
2011-07-29,-0.39438
2011-08-05,-0.33048
2011-08-12,-0.25888
2011-08-19,-0.19559
2011-08-26,-0.13728
2011-09-02,-0.09474
2011-09-09,-0.06294
2011-09-16,-0.04512
2011-09-23,-0.03619
2011-09-30,-0.03849
2011-10-07,-0.05021
2011-10-14,-0.07171
2011-10-21,-0.08982
2011-10-28,-0.10393
2011-11-04,-0.10551
2011-11-11,-0.09827
2011-11-18,-0.08586
2011-11-25,-0.07309
2011-12-02,-0.07155
2011-12-09,-0.07779
2011-12-16,-0.09159
2011-12-23,-0.11598
2011-12-30,-0.15004
2012-01-06,-0.19135
2012-01-13,-0.23756
2012-01-20,-0.28352
2012-01-27,-0.32510
2012-02-03,-0.35766
2012-02-10,-0.38146
2012-02-17,-0.39707
2012-02-24,-0.40909
2012-03-02,-0.42002
2012-03-09,-0.42820
2012-03-16,-0.43571
2012-03-23,-0.43940
2012-03-30,-0.43736
2012-04-06,-0.42980
2012-04-13,-0.41706
2012-04-20,-0.40145
2012-04-27,-0.38048
2012-05-04,-0.35446
2012-05-11,-0.32297
2012-05-18,-0.28966
2012-05-25,-0.26305
2012-06-01,-0.24408
2012-06-08,-0.23677
2012-06-15,-0.24226
2012-06-22,-0.25765
2012-06-29,-0.27700
2012-07-06,-0.30004
2012-07-13,-0.32374
2012-07-20,-0.34757
2012-07-27,-0.36892
2012-08-03,-0.39031
2012-08-10,-0.40945
2012-08-17,-0.42760
2012-08-24,-0.44562
2012-08-31,-0.46293
2012-09-07,-0.48132
2012-09-14,-0.50050
2012-09-21,-0.51666
2012-09-28,-0.52972
2012-10-05,-0.54073
2012-10-12,-0.54770
2012-10-19,-0.55185
2012-10-26,-0.55170
2012-11-02,-0.55045
2012-11-09,-0.54862
2012-11-16,-0.54812
2012-11-23,-0.55186
2012-11-30,-0.55754
2012-12-07,-0.56604
2012-12-14,-0.57746
2012-12-21,-0.58988
2012-12-28,-0.60196
2013-01-04,-0.61652
2013-01-11,-0.62923
2013-01-18,-0.63877
2013-01-25,-0.64553
2013-02-01,-0.64906
2013-02-08,-0.65033
2013-02-15,-0.65167
2013-02-22,-0.65261
2013-03-01,-0.65298
2013-03-08,-0.65518
2013-03-15,-0.65801
2013-03-22,-0.66099
2013-03-29,-0.66568
2013-04-05,-0.67290
2013-04-12,-0.68335
2013-04-19,-0.69405
2013-04-26,-0.70624
2013-05-03,-0.71599
2013-05-10,-0.72093
2013-05-17,-0.71867
2013-05-24,-0.70916
2013-05-31,-0.69307
2013-06-07,-0.67366
2013-06-14,-0.65488
2013-06-21,-0.63939
2013-06-28,-0.63206
2013-07-05,-0.63226
2013-07-12,-0.63958
2013-07-19,-0.65159
2013-07-26,-0.66318
2013-08-02,-0.67131
2013-08-09,-0.67521
2013-08-16,-0.67447
2013-08-23,-0.67060
2013-08-30,-0.66675
2013-09-06,-0.66512
2013-09-13,-0.66710
2013-09-20,-0.67192
2013-09-27,-0.67935
2013-10-04,-0.68900
2013-10-11,-0.70124
2013-10-18,-0.71514
2013-10-25,-0.72890
2013-11-01,-0.74077
2013-11-08,-0.75133
2013-11-15,-0.76019
2013-11-22,-0.76690
2013-11-29,-0.77222
2013-12-06,-0.77599
2013-12-13,-0.77907
2013-12-20,-0.78097
2013-12-27,-0.78186
2014-01-03,-0.77953
2014-01-10,-0.77679
2014-01-17,-0.77264
2014-01-24,-0.76838
2014-01-31,-0.76571
2014-02-07,-0.76625
2014-02-14,-0.76999
2014-02-21,-0.77427
2014-02-28,-0.77845
2014-03-07,-0.78141
2014-03-14,-0.78187
2014-03-21,-0.78097
2014-03-28,-0.77819
2014-04-04,-0.77630
2014-04-11,-0.77376
2014-04-18,-0.77191
2014-04-25,-0.77131
2014-05-02,-0.77264
2014-05-09,-0.77560
2014-05-16,-0.77982
2014-05-23,-0.78603
2014-05-30,-0.79185
2014-06-06,-0.79522
2014-06-13,-0.79543
2014-06-20,-0.79210
2014-06-27,-0.78517
2014-07-04,-0.77527
2014-07-11,-0.76386
2014-07-18,-0.75185
2014-07-25,-0.74136
2014-08-01,-0.73291
2014-08-08,-0.72799
2014-08-15,-0.72750
2014-08-22,-0.72724
2014-08-29,-0.72480
2014-09-05,-0.71889
2014-09-12,-0.70813
2014-09-19,-0.69293
2014-09-26,-0.67548
2014-10-03,-0.65909
2014-10-10,-0.64718
2014-10-17,-0.63910
2014-10-24,-0.64033
2014-10-31,-0.64546
2014-11-07,-0.65259
2014-11-14,-0.65755
2014-11-21,-0.65681
2014-11-28,-0.65017
2014-12-05,-0.63699
2014-12-12,-0.61683
2014-12-19,-0.59363
2014-12-26,-0.57155
2015-01-02,-0.54898
2015-01-09,-0.53060
2015-01-16,-0.51598
2015-01-23,-0.50759
2015-01-30,-0.50422
2015-02-06,-0.50569
2015-02-13,-0.51040
2015-02-20,-0.51725
2015-02-27,-0.52444
2015-03-06,-0.52955
2015-03-13,-0.53337
2015-03-20,-0.53666
2015-03-27,-0.53853
2015-04-03,-0.54021
2015-04-10,-0.54231
2015-04-17,-0.54373
2015-04-24,-0.54578
2015-05-01,-0.54677
2015-05-08,-0.54670
2015-05-15,-0.54713
2015-05-22,-0.54771
2015-05-29,-0.54750
2015-06-05,-0.54682
2015-06-12,-0.54570
2015-06-19,-0.54299
2015-06-26,-0.54029
2015-07-03,-0.53512
2015-07-10,-0.53011
2015-07-17,-0.52468
2015-07-24,-0.51497
2015-07-31,-0.50026
2015-08-07,-0.48136
2015-08-14,-0.45982
2015-08-21,-0.43726
2015-08-28,-0.41688
2015-09-04,-0.40378
2015-09-11,-0.39800
2015-09-18,-0.39815
2015-09-25,-0.40393
2015-10-02,-0.41374
2015-10-09,-0.42957
2015-10-16,-0.44415
2015-10-23,-0.45717
2015-10-30,-0.46647
2015-11-06,-0.47009
2015-11-13,-0.46658
2015-11-20,-0.45726
2015-11-27,-0.44342
2015-12-04,-0.42489
2015-12-11,-0.40277
2015-12-18,-0.38118
2015-12-25,-0.36102
2016-01-01,-0.34325
2016-01-08,-0.32755
2016-01-15,-0.31378
2016-01-22,-0.30343
2016-01-29,-0.29666
2016-02-05,-0.29295
2016-02-12,-0.29306
2016-02-19,-0.30169
2016-02-26,-0.31468
2016-03-04,-0.33046
2016-03-11,-0.34618
2016-03-18,-0.36036
2016-03-25,-0.36996
2016-04-01,-0.37684
2016-04-08,-0.38050
2016-04-15,-0.38324
2016-04-22,-0.38503
2016-04-29,-0.38497
2016-05-06,-0.38347
2016-05-13,-0.38164
2016-05-20,-0.37867
2016-05-27,-0.37419
2016-06-03,-0.36801
2016-06-10,-0.36106
2016-06-17,-0.35319
2016-06-24,-0.34802
2016-07-01,-0.34483
2016-07-08,-0.34587
2016-07-15,-0.34997
2016-07-22,-0.35423
2016-07-29,-0.35857
2016-08-05,-0.36089
2016-08-12,-0.36121
2016-08-19,-0.35896
2016-08-26,-0.35389
2016-09-02,-0.34688
2016-09-09,-0.34099
2016-09-16,-0.33658
2016-09-23,-0.33533
2016-09-30,-0.33845
2016-10-07,-0.34556
2016-10-14,-0.35463
2016-10-21,-0.36582
2016-10-28,-0.37877
2016-11-04,-0.39082
2016-11-11,-0.40481
2016-11-18,-0.41764
2016-11-25,-0.42897
2016-12-02,-0.43892
2016-12-09,-0.44786
2016-12-16,-0.45486
2016-12-23,-0.46075
2016-12-30,-0.46721
2017-01-06,-0.47295
2017-01-13,-0.47877
2017-01-20,-0.48360
2017-01-27,-0.48728
2017-02-03,-0.48965
2017-02-10,-0.49091
2017-02-17,-0.49031
2017-02-24,-0.48814
2017-03-03,-0.48619
2017-03-10,-0.48360
2017-03-17,-0.48123
2017-03-24,-0.47971
2017-03-31,-0.48106
2017-04-07,-0.48437
2017-04-14,-0.49007
2017-04-21,-0.49780
2017-04-28,-0.50792
2017-05-05,-0.51804
2017-05-12,-0.52802
2017-05-19,-0.53687
2017-05-26,-0.54593
2017-06-02,-0.55314
2017-06-09,-0.55896
2017-06-16,-0.56339
2017-06-23,-0.56643
2017-06-30,-0.56969
2017-07-07,-0.57278
2017-07-14,-0.57601
2017-07-21,-0.57822
2017-07-28,-0.57786
2017-08-04,-0.57478
2017-08-11,-0.56951
2017-08-18,-0.56410
2017-08-25,-0.56006
2017-09-01,-0.55790
2017-09-08,-0.55756
2017-09-15,-0.56044
2017-09-22,-0.56485
2017-09-29,-0.57036
2017-10-06,-0.57726
2017-10-13,-0.58437
2017-10-20,-0.59124
2017-10-27,-0.59664
2017-11-03,-0.60085
2017-11-10,-0.60300
2017-11-17,-0.60411
2017-11-24,-0.60505
2017-12-01,-0.60618
2017-12-08,-0.60751
2017-12-15,-0.61027
2017-12-22,-0.61411
2017-12-29,-0.61775
2018-01-05,-0.62138
2018-01-12,-0.62134
2018-01-19,-0.61684
2018-01-26,-0.60787
2018-02-02,-0.59405
2018-02-09,-0.57629
2018-02-16,-0.56053
2018-02-23,-0.54563
2018-03-02,-0.53126
2018-03-09,-0.51814
2018-03-16,-0.50768
2018-03-23,-0.50021
2018-03-30,-0.49863
2018-04-06,-0.50230
2018-04-13,-0.51241
2018-04-20,-0.52671
2018-04-27,-0.54023
2018-05-04,-0.55222
2018-05-11,-0.56138
2018-05-18,-0.56622
2018-05-25,-0.56581
2018-06-01,-0.56089
2018-06-08,-0.55507
2018-06-15,-0.54822
2018-06-22,-0.54239
2018-06-29,-0.53923
2018-07-06,-0.54048
2018-07-13,-0.54597
2018-07-20,-0.55402
2018-07-27,-0.56319
2018-08-03,-0.57238
2018-08-10,-0.58148
2018-08-17,-0.58849
2018-08-24,-0.59428
2018-08-31,-0.59833
2018-09-07,-0.60052
2018-09-14,-0.60087
2018-09-21,-0.59830
2018-09-28,-0.59396
2018-10-05,-0.58727
2018-10-12,-0.57727
2018-10-19,-0.56600
2018-10-26,-0.55240
2018-11-02,-0.53705
2018-11-09,-0.52086
2018-11-16,-0.50131
2018-11-23,-0.47994
2018-11-30,-0.45962
2018-12-07,-0.44050
2018-12-14,-0.42714
2018-12-21,-0.42121
2018-12-28,-0.42472
2019-01-04,-0.43790
2019-01-11,-0.45804
2019-01-18,-0.48178
2019-01-25,-0.50633
2019-02-01,-0.53037
2019-02-08,-0.55103
2019-02-15,-0.56843
2019-02-22,-0.58184
2019-03-01,-0.59088
2019-03-08,-0.59617
2019-03-15,-0.60009
2019-03-22,-0.60404
2019-03-29,-0.60680
2019-04-05,-0.61090
2019-04-12,-0.61417
2019-04-19,-0.61615
2019-04-26,-0.61515
2019-05-03,-0.61169
2019-05-10,-0.60482
2019-05-17,-0.59654
2019-05-24,-0.58840
2019-05-31,-0.58036
2019-06-07,-0.57494
2019-06-14,-0.57276
2019-06-21,-0.57260
2019-06-28,-0.57492
2019-07-05,-0.57895
2019-07-12,-0.58096
2019-07-19,-0.58087
2019-07-26,-0.57765
2019-08-02,-0.56998
2019-08-09,-0.55918
2019-08-16,-0.54763
2019-08-23,-0.53736
2019-08-30,-0.52784
2019-09-06,-0.52081
2019-09-13,-0.51520
2019-09-20,-0.51096
2019-09-27,-0.51077
2019-10-04,-0.51420
2019-10-11,-0.52249
2019-10-18,-0.53484
2019-10-25,-0.54873
2019-11-01,-0.56089
2019-11-08,-0.57062
2019-11-15,-0.57586
2019-11-22,-0.57592
2019-11-29,-0.57098
2019-12-06,-0.56200
2019-12-13,-0.55440
2019-12-20,-0.55033
2019-12-27,-0.55498
2020-01-03,-0.56808
2020-01-10,-0.58803
2020-01-17,-0.60949
2020-01-24,-0.62301
2020-01-31,-0.62104
2020-02-07,-0.59549
2020-02-14,-0.53574
2020-02-21,-0.43514
2020-02-28,-0.29510
2020-03-06,-0.13197
2020-03-13,0.03653
2020-03-20,0.18398
2020-03-27,0.27781
2020-04-03,0.31668
2020-04-10,0.30306
2020-04-17,0.24709
2020-04-24,0.16793
2020-05-01,0.06967
2020-05-08,-0.03083
2020-05-15,-0.12205
2020-05-22,-0.20263
2020-05-29,-0.26675
2020-06-05,-0.31378
2020-06-12,-0.34391
2020-06-19,-0.36667
2020-06-26,-0.38496
2020-07-03,-0.40218
2020-07-10,-0.42080
2020-07-17,-0.43971
2020-07-24,-0.45887
2020-07-31,-0.47652
2020-08-07,-0.49033
2020-08-14,-0.50067
2020-08-21,-0.50683
2020-08-28,-0.50879
2020-09-04,-0.50653
2020-09-11,-0.50201
2020-09-18,-0.49806
2020-09-25,-0.49225
2020-10-02,-0.48901
2020-10-09,-0.48906
2020-10-16,-0.49148
2020-10-23,-0.49731
2020-10-30,-0.50577
2020-11-06,-0.51937
2020-11-13,-0.53614
2020-11-20,-0.55237
2020-11-27,-0.56702
2020-12-04,-0.57998
2020-12-11,-0.59023
2020-12-18,-0.59765
2020-12-25,-0.60390
2021-01-01,-0.60921
2021-01-08,-0.61373
2021-01-15,-0.61644
2021-01-22,-0.61846
2021-01-29,-0.61883
2021-02-05,-0.62104
2021-02-12,-0.62278
2021-02-19,-0.62462
2021-02-26,-0.62670
2021-03-05,-0.63089
2021-03-12,-0.63595
2021-03-19,-0.64138
2021-03-26,-0.64794
2021-04-02,-0.65486
2021-04-09,-0.66307
2021-04-16,-0.66991
2021-04-23,-0.67620
2021-04-30,-0.68154
2021-05-07,-0.68648
2021-05-14,-0.68862
2021-05-21,-0.69113
2021-05-28,-0.69333
2021-06-04,-0.69427
2021-06-11,-0.69352
2021-06-18,-0.69042
2021-06-25,-0.68636
2021-07-02,-0.68077
2021-07-09,-0.67404
2021-07-16,-0.66729
2021-07-23,-0.66074
2021-07-30,-0.65543
2021-08-06,-0.65079
2021-08-13,-0.64809
2021-08-20,-0.64642
2021-08-27,-0.64714
2021-09-03,-0.64832
2021-09-10,-0.65018
2021-09-17,-0.65235
2021-09-24,-0.65358
2021-10-01,-0.65387
2021-10-08,-0.65215
2021-10-15,-0.64656
2021-10-22,-0.63670
2021-10-29,-0.62220
2021-11-05,-0.60443
2021-11-12,-0.58503
2021-11-19,-0.56687
2021-11-26,-0.55074
2021-12-03,-0.53956
2021-12-10,-0.53739
2021-12-17,-0.54003
2021-12-24,-0.54711
2021-12-31,-0.55576
2022-01-07,-0.56174
2022-01-14,-0.56196
2022-01-21,-0.55543
2022-01-28,-0.54138
2022-02-04,-0.52239
2022-02-11,-0.49688
2022-02-18,-0.46714
2022-02-25,-0.43745
2022-03-04,-0.41020
2022-03-11,-0.38908
2022-03-18,-0.37710
2022-03-25,-0.37139
2022-04-01,-0.36919
2022-04-08,-0.36686
2022-04-15,-0.36022
2022-04-22,-0.35006
2022-04-29,-0.33519
2022-05-06,-0.31771
2022-05-13,-0.29896
2022-05-20,-0.28005
2022-05-27,-0.25881
2022-06-03,-0.23578
2022-06-10,-0.21135
2022-06-17,-0.18752
2022-06-24,-0.17172
2022-07-01,-0.16546
2022-07-08,-0.16879
2022-07-15,-0.18216
2022-07-22,-0.20118
2022-07-29,-0.21932
2022-08-05,-0.23253
2022-08-12,-0.24002
2022-08-19,-0.23772
2022-08-26,-0.22525
2022-09-02,-0.20442
2022-09-09,-0.17866
2022-09-16,-0.15093
2022-09-23,-0.12571
2022-09-30,-0.10683
2022-10-07,-0.09961
2022-10-14,-0.10140
2022-10-21,-0.11182
2022-10-28,-0.12695
2022-11-04,-0.14480
2022-11-11,-0.16183
2022-11-18,-0.17473
2022-11-25,-0.18265
2022-12-02,-0.18749
2022-12-09,-0.19068
2022-12-16,-0.19723
2022-12-23,-0.20738
2022-12-30,-0.22472
2023-01-06,-0.24743
2023-01-13,-0.27187
2023-01-20,-0.29274
2023-01-27,-0.30943
2023-02-03,-0.31670
2023-02-10,-0.31280
2023-02-17,-0.29824
2023-02-24,-0.27284
2023-03-03,-0.24192
2023-03-10,-0.20942
2023-03-17,-0.17789
2023-03-24,-0.15923
2023-03-31,-0.15543
2023-04-07,-0.15873
2023-04-14,-0.17000
2023-04-21,-0.18352
2023-04-28,-0.19428
2023-05-05,-0.20264
2023-05-12,-0.20928
2023-05-19,-0.21335
2023-05-26,-0.21534
2023-06-02,-0.21714
2023-06-09,-0.21822
2023-06-16,-0.22027
2023-06-23,-0.22436
2023-06-30,-0.23049
2023-07-07,-0.23927
2023-07-14,-0.25218
2023-07-21,-0.26715
2023-07-28,-0.28313
2023-08-04,-0.30058
2023-08-11,-0.31645
2023-08-18,-0.32893
2023-08-25,-0.33770
2023-09-01,-0.34321
2023-09-08,-0.34289
2023-09-15,-0.33809
2023-09-22,-0.32905
2023-09-29,-0.31672
2023-10-06,-0.30545
2023-10-13,-0.29581
2023-10-20,-0.28979
2023-10-27,-0.28878
2023-11-03,-0.29347
2023-11-10,-0.30197
2023-11-17,-0.31249
2023-11-24,-0.32369
2023-12-01,-0.33412
2023-12-08,-0.34298
2023-12-15,-0.35196
2023-12-22,-0.36110
2023-12-29,-0.36951
2024-01-05,-0.37808
2024-01-12,-0.38619
2024-01-19,-0.39338
2024-01-26,-0.39966
2024-02-02,-0.40660
2024-02-09,-0.41347
2024-02-16,-0.42137
2024-02-23,-0.42950
2024-03-01,-0.43580
2024-03-08,-0.43939
2024-03-15,-0.44075
2024-03-22,-0.43879
2024-03-29,-0.43416
2024-04-05,-0.42863
2024-04-12,-0.42267
2024-04-19,-0.41749
2024-04-26,-0.41532
2024-05-03,-0.41518
2024-05-10,-0.41594
2024-05-17,-0.41633
2024-05-24,-0.41575
2024-05-31,-0.41230
2024-06-07,-0.40666
2024-06-14,-0.39953
2024-06-21,-0.39187
2024-06-28,-0.38528
2024-07-05,-0.38004
2024-07-12,-0.37460
2024-07-19,-0.36967
2024-07-26,-0.36593
2024-08-02,-0.36394
2024-08-09,-0.36498
2024-08-16,-0.37321
2024-08-23,-0.38346
2024-08-30,-0.39494
2024-09-06,-0.40614
2024-09-13,-0.41597
2024-09-20,-0.42388
2024-09-27,-0.43001
2024-10-04,-0.43407
2024-10-11,-0.43712
2024-10-18,-0.44149
2024-10-25,-0.44603
2024-11-01,-0.45213
2024-11-08,-0.46025
2024-11-15,-0.46789
2024-11-22,-0.47313
2024-11-29,-0.47672
2024-12-06,-0.47919
2024-12-13,-0.48080
2024-12-20,-0.48193
2024-12-27,-0.48594
2025-01-03,-0.49065
2025-01-10,-0.49683
2025-01-17,-0.50225
2025-01-24,-0.50752
2025-01-31,-0.51081
2025-02-07,-0.51022
2025-02-14,-0.50601
2025-02-21,-0.49671
2025-02-28,-0.48333
2025-03-07,-0.46650
2025-03-14,-0.44793
2025-03-21,-0.42974
2025-03-28,-0.41264
2025-04-04,-0.39732
2025-04-11,-0.38628
2025-04-18,-0.38659
2025-04-25,-0.39305
2025-05-02,-0.40640
2025-05-09,-0.42370
2025-05-16,-0.44118
2025-05-23,-0.45578
2025-05-30,-0.46755
2025-06-06,-0.47657
2025-06-13,-0.48394
2025-06-20,-0.49030
2025-06-27,-0.49702
2025-07-04,-0.50404
2025-07-11,-0.51062
2025-07-18,-0.51569
2025-07-25,-0.51992
2025-08-01,-0.52273
2025-08-08,-0.52445
2025-08-15,-0.52700
2025-08-22,-0.52822
2025-08-29,-0.52923
2025-09-05,-0.52942
2025-09-12,-0.52959
2025-09-19,-0.52818
2025-09-26,-0.52681
2025-10-03,-0.52490
2025-10-10,-0.52201
2025-10-17,-0.51758
2025-10-24,-0.51380
2025-10-31,-0.50989
2025-11-07,-0.50681
2025-11-14,-0.50587
2025-11-21,-0.50666
2025-11-28,-0.51004
2025-12-05,-0.51509
2025-12-12,-0.52133
2025-12-19,-0.52987
2025-12-26,-0.54022
2026-01-02,-0.54947
2026-01-09,-0.55795
2026-01-16,-0.56332
2026-01-23,-0.56606
2026-01-30,-0.56677
2026-02-06,-0.56698
2026-02-13,-0.56539
2026-02-20,-0.56294
