ticker,company_name,strategy,start_date,end_date,final_invested,final_value,final_profit,final_roi_pct,gross_return_pct,total_trades,avg_contribution,max_contribution
^GSPC,S&P 500,RSI & MA MODE (MA: 30),2000-01-01,2026-08-31,2400.0,19029.120555128728,16629.120555128728,692.8800231303636,792.8800231303636,24,1.7241379310344827,100.0
^GSPC,S&P 500,RSI & MA MODE (MA: 50),2000-01-01,2026-08-31,2400.0,19029.120555128728,16629.120555128728,692.8800231303636,792.8800231303636,24,1.7241379310344827,100.0
^GSPC,S&P 500,RSI & MA MODE (MA: 200),2000-01-01,2026-08-31,1100.0,9085.011362216212,7985.011362216212,725.9101238378374,825.9101238378374,11,0.7902298850574713,100.0
^GSPC,S&P 500,MA MODE (MA: 30),2000-01-01,2026-08-31,40200.0,222175.90542869037,181975.90542869037,452.6763816634089,552.676381663409,402,28.879310344827587,100.0
^GSPC,S&P 500,MA MODE (MA: 50),2000-01-01,2026-08-31,36300.0,208882.42055454393,172582.42055454393,475.433665439515,575.433665439515,363,26.07758620689655,100.0
^GSPC,S&P 500,MA MODE (MA: 200),2000-01-01,2026-08-31,15300.0,111097.74175496973,95797.74175496973,626.1290310782334,726.1290310782334,153,10.991379310344827,100.0
^GSPC,S&P 500,RSI MODE,2000-01-01,2026-08-31,2500.0,19561.330056029856,17061.330056029856,682.4532022411942,782.4532022411942,25,1.7959770114942528,100.0
^GSPC,S&P 500,DCA MODE,2000-01-01,2026-08-31,1000.7189072609522,4533.069761452035,3532.350854191083,352.9813245818859,452.9813245818859,1392,0.7189072609633359,0.7189072609633357
^GSPC,S&P 500,Value Averaging Modified,2000-01-01,2026-08-31,151222.910476369,732528.7143870904,581305.8039107214,384.4032640818402,484.4032640818401,1392,108.63714833072486,300.0
^IXIC,NASDAQ Composite,RSI & MA MODE (MA: 30),2000-01-01,2026-08-31,2200.0,31924.513847715258,29724.513847715258,1351.1142658052388,1451.1142658052388,22,1.5804597701149425,100.0
^IXIC,NASDAQ Composite,RSI & MA MODE (MA: 50),2000-01-01,2026-08-31,2200.0,31924.513847715258,29724.513847715258,1351.1142658052388,1451.1142658052388,22,1.5804597701149425,100.0
^IXIC,NASDAQ Composite,RSI & MA MODE (MA: 200),2000-01-01,2026-08-31,800.0,11775.806167934252,10975.806167934252,1371.9757709917815,1471.9757709917815,8,0.5747126436781609,100.0
^IXIC,NASDAQ Composite,MA MODE (MA: 30),2000-01-01,2026-08-31,40800.0,405296.72504256916,364496.72504256916,893.3743260847283,993.3743260847283,408,29.310344827586206,100.0
^IXIC,NASDAQ Composite,MA MODE (MA: 50),2000-01-01,2026-08-31,38300.0,412852.4540267526,374552.4540267526,977.9437441951766,1077.9437441951766,383,27.514367816091955,100.0
^IXIC,NASDAQ Composite,MA MODE (MA: 200),2000-01-01,2026-08-31,13200.0,163578.61909607856,150378.61909607856,1139.23196284908,1239.23196284908,132,9.482758620689655,100.0
^IXIC,NASDAQ Composite,RSI MODE,2000-01-01,2026-08-31,2300.0,32601.14717185129,30301.14717185129,1317.4411813848387,1417.4411813848387,23,1.6522988505747127,100.0
^IXIC,NASDAQ Composite,DCA MODE,2000-01-01,2026-08-31,1000.7189072609522,7733.459154693767,6732.7402474328155,672.790350874939,772.790350874939,1392,0.7189072609633359,0.7189072609633357
^IXIC,NASDAQ Composite,Value Averaging Modified,2000-01-01,2026-08-31,151969.58456195315,1281295.0505178466,1129325.4659558935,743.1259809067278,843.1259809067278,1392,109.1735521278399,300.0
^FTSE,FTSE 100,RSI & MA MODE (MA: 30),2000-01-01,2026-08-21,2600.0,6167.942994177603,3567.9429941776034,137.22857669913859,237.22857669913856,26,1.8691588785046729,100.0
^FTSE,FTSE 100,RSI & MA MODE (MA: 50),2000-01-01,2026-08-21,2600.0,6167.942994177603,3567.9429941776034,137.22857669913859,237.22857669913856,26,1.8691588785046729,100.0
^FTSE,FTSE 100,RSI & MA MODE (MA: 200),2000-01-01,2026-08-21,1200.0,2665.7003882518393,1465.7003882518393,122.14169902098662,222.1416990209866,12,0.8626887131560029,100.0
^FTSE,FTSE 100,MA MODE (MA: 30),2000-01-01,2026-08-21,50500.0,96795.96944447189,46295.96944447189,91.67518701875622,191.67518701875622,505,36.30481667864846,100.0
^FTSE,FTSE 100,MA MODE (MA: 50),2000-01-01,2026-08-21,47400.0,92945.79175614766,45545.791756147664,96.0881682619149,196.08816826191492,474,34.07620416966211,100.0
^FTSE,FTSE 100,MA MODE (MA: 200),2000-01-01,2026-08-21,28500.0,59387.69735961767,30887.69735961767,108.37788547234271,208.37788547234268,285,20.48885693745507,100.0
^FTSE,FTSE 100,RSI MODE,2000-01-01,2026-08-21,2700.0,6334.3478049280775,3634.3478049280775,134.60547425659547,234.60547425659547,27,1.9410496046010064,100.0
^FTSE,FTSE 100,DCA MODE,2000-01-01,2026-08-21,999.9999999999889,1779.9182891373248,779.9182891373359,77.99182891373447,177.99182891373445,1391,0.7189072609633359,0.7189072609633357
^FTSE,FTSE 100,Value Averaging Modified,2000-01-01,2026-08-21,149805.58765803714,275278.22628725204,125472.6386292149,83.75698169258725,183.75698169258723,1391,107.69632470024237,300.0
^N225,Nikkei 225,RSI & MA MODE (MA: 30),1999-12-31,2026-08-31,2600.0,16083.506987941691,13483.506987941691,518.596422613142,618.596422613142,26,1.8691588785046729,100.0
^N225,Nikkei 225,RSI & MA MODE (MA: 50),1999-12-31,2026-08-31,2600.0,16083.506987941691,13483.506987941691,518.596422613142,618.596422613142,26,1.8691588785046729,100.0
^N225,Nikkei 225,RSI & MA MODE (MA: 200),1999-12-31,2026-08-31,1800.0,11380.638547856724,9580.638547856724,532.2576971031514,632.2576971031514,18,1.2940330697340043,100.0
^N225,Nikkei 225,MA MODE (MA: 30),1999-12-31,2026-08-31,56600.0,288225.7653927718,231625.7653927718,409.23280104730003,509.23280104730003,566,40.690150970524805,100.0
^N225,Nikkei 225,MA MODE (MA: 50),1999-12-31,2026-08-31,52400.0,274146.44989496574,221746.44989496574,423.180247891156,523.180247891156,524,37.67074047447879,100.0
^N225,Nikkei 225,MA MODE (MA: 200),1999-12-31,2026-08-31,28800.0,189856.75636696044,161056.75636696044,559.2248484963905,659.2248484963905,288,20.70452911574407,100.0
^N225,Nikkei 225,RSI MODE,1999-12-31,2026-08-31,2700.0,16447.990221804914,13747.990221804914,509.18482302981164,609.1848230298116,27,1.9410496046010064,100.0
^N225,Nikkei 225,DCA MODE,1999-12-31,2026-08-31,999.9999999999889,4366.75939214856,3366.7593921485714,336.6759392148609,436.6759392148609,1391,0.7189072609633359,0.7189072609633357
^N225,Nikkei 225,Value Averaging Modified,1999-12-31,2026-08-31,156772.56749470663,737511.460067295,580738.8925725884,370.4339999357329,470.4339999357329,1391,112.70493709180923,300.0
^HSI,HANG SENG INDEX,RSI & MA MODE (MA: 30),1999-12-31,2026-08-31,3600.0,6247.008467326327,2647.0084673263273,73.52801298128688,173.52801298128685,36,2.586206896551724,100.0
^HSI,HANG SENG INDEX,RSI & MA MODE (MA: 50),1999-12-31,2026-08-31,3600.0,6247.008467326327,2647.0084673263273,73.52801298128688,173.52801298128685,36,2.586206896551724,100.0
^HSI,HANG SENG INDEX,RSI & MA MODE (MA: 200),1999-12-31,2026-08-31,2700.0,4004.74263683611,1304.7426368361098,48.32380136430036,148.32380136430038,27,1.9396551724137931,100.0
^HSI,HANG SENG INDEX,MA MODE (MA: 30),1999-12-31,2026-08-31,61500.0,90295.54500428998,28795.545004289976,46.82202439721947,146.82202439721948,615,44.18103448275862,100.0
^HSI,HANG SENG INDEX,MA MODE (MA: 50),1999-12-31,2026-08-31,56100.0,83430.28660439524,27330.286604395238,48.71708842138189,148.7170884213819,561,40.30172413793103,100.0
^HSI,HANG SENG INDEX,MA MODE (MA: 200),1999-12-31,2026-08-31,40200.0,52879.30709773209,12679.30709773209,31.54056491973157,131.54056491973157,402,28.879310344827587,100.0
^HSI,HANG SENG INDEX,RSI MODE,1999-12-31,2026-08-31,3700.0,6412.9672137642065,2712.9672137642065,73.32343820984342,173.3234382098434,37,2.6580459770114944,100.0
^HSI,HANG SENG INDEX,DCA MODE,1999-12-31,2026-08-31,1000.7189072609522,1370.7315290959004,370.0126218349483,36.974680816984105,136.97468081698412,1392,0.7189072609633359,0.7189072609633357
^HSI,HANG SENG INDEX,Value Averaging Modified,1999-12-31,2026-08-31,148496.5178237441,210964.43741932453,62467.91959558043,42.06692554887103,142.06692554887104,1392,106.6785329193564,300.0
^BSESN,S&P BSE SENSEX,RSI & MA MODE (MA: 30),1999-12-31,2026-08-31,2100.0,17055.529878073517,14955.529878073517,712.1680894320723,812.1680894320722,21,1.5086206896551724,100.0
^BSESN,S&P BSE SENSEX,RSI & MA MODE (MA: 50),1999-12-31,2026-08-31,2100.0,17055.529878073517,14955.529878073517,712.1680894320723,812.1680894320722,21,1.5086206896551724,100.0
^BSESN,S&P BSE SENSEX,RSI & MA MODE (MA: 200),1999-12-31,2026-08-31,1200.0,7840.945272853676,6640.945272853676,553.4121060711396,653.4121060711396,12,0.8620689655172413,100.0
^BSESN,S&P BSE SENSEX,MA MODE (MA: 30),1999-12-31,2026-08-31,45400.0,379111.9585883887,333711.9585883887,735.0483669347769,835.0483669347769,454,32.61494252873563,100.0
^BSESN,S&P BSE SENSEX,MA MODE (MA: 50),1999-12-31,2026-08-31,37200.0,345496.53411713673,308296.53411713673,828.7541239707978,928.7541239707978,372,26.724137931034484,100.0
^BSESN,S&P BSE SENSEX,MA MODE (MA: 200),1999-12-31,2026-08-31,5100.0,31804.338666662297,26704.338666662297,523.614483660045,623.614483660045,51,3.663793103448276,100.0
^BSESN,S&P BSE SENSEX,RSI MODE,1999-12-31,2026-08-31,2500.0,24126.09916184302,21626.09916184302,865.0439664737208,965.0439664737208,25,1.7959770114942528,100.0
^BSESN,S&P BSE SENSEX,DCA MODE,1999-12-31,2026-08-31,1000.7189072609522,6483.697764573278,5482.978857312326,547.9039935719491,647.903993571949,1392,0.7189072609633359,0.7189072609633357
^BSESN,S&P BSE SENSEX,Value Averaging Modified,1999-12-31,2026-08-31,142853.18174824104,987600.7057380729,844747.5239898318,591.3396633185127,691.3396633185129,1392,102.62441217546052,300.0
^GDAXI,DAX P,RSI & MA MODE (MA: 30),1999-12-31,2026-08-31,3400.0,18873.62357124627,15473.62357124627,455.1065756248903,555.1065756248903,34,2.442528735632184,100.0
^GDAXI,DAX P,RSI & MA MODE (MA: 50),1999-12-31,2026-08-31,3400.0,18873.62357124627,15473.62357124627,455.1065756248903,555.1065756248903,34,2.442528735632184,100.0
^GDAXI,DAX P,RSI & MA MODE (MA: 200),1999-12-31,2026-08-31,1700.0,7098.910030784984,5398.910030784984,317.582942987352,417.582942987352,17,1.221264367816092,100.0
^GDAXI,DAX P,MA MODE (MA: 30),1999-12-31,2026-08-31,47400.0,190250.94515267276,142850.94515267276,301.37330200985815,401.37330200985815,474,34.05172413793103,100.0
^GDAXI,DAX P,MA MODE (MA: 50),1999-12-31,2026-08-31,42200.0,177485.4335041127,135285.4335041127,320.5815959813097,420.5815959813097,422,30.316091954022987,100.0
^GDAXI,DAX P,MA MODE (MA: 200),1999-12-31,2026-08-31,22300.0,107332.50682815826,85032.50682815826,381.3116898123689,481.3116898123689,223,16.020114942528735,100.0
^GDAXI,DAX P,RSI MODE,1999-12-31,2026-08-31,3500.0,19262.22769213105,15762.227692131051,450.3493626323158,550.3493626323158,35,2.514367816091954,100.0
^GDAXI,DAX P,DCA MODE,1999-12-31,2026-08-31,1000.7189072609522,3522.0329155541226,2521.3140082931704,251.95027194941372,351.9502719494137,1392,0.7189072609633359,0.7189072609633357
^GDAXI,DAX P,Value Averaging Modified,1999-12-31,2026-08-31,149759.90832917285,568264.7416258784,418504.8332967055,279.4505138029534,379.4505138029534,1392,107.58614104107245,300.0
^GSPTSE,S&P/TSX Composite index,RSI & MA MODE (MA: 30),2000-01-01,2026-08-31,2600.0,10986.679728496498,8386.679728496498,322.564604942173,422.564604942173,26,1.867816091954023,100.0
^GSPTSE,S&P/TSX Composite index,RSI & MA MODE (MA: 50),2000-01-01,2026-08-31,2600.0,10986.679728496498,8386.679728496498,322.564604942173,422.564604942173,26,1.867816091954023,100.0
^GSPTSE,S&P/TSX Composite index,RSI & MA MODE (MA: 200),2000-01-01,2026-08-31,1500.0,5176.1125879446945,3676.1125879446945,245.07417252964632,345.0741725296463,15,1.0775862068965518,100.0
^GSPTSE,S&P/TSX Composite index,MA MODE (MA: 30),2000-01-01,2026-08-31,45400.0,145257.55414431842,99857.55414431842,219.95055978924762,319.9505597892476,454,32.61494252873563,100.0
^GSPTSE,S&P/TSX Composite index,MA MODE (MA: 50),2000-01-01,2026-08-31,41100.0,136579.3456745286,95479.3456745286,232.30984349033724,332.30984349033724,411,29.525862068965516,100.0
^GSPTSE,S&P/TSX Composite index,MA MODE (MA: 200),2000-01-01,2026-08-31,17300.0,55856.88398956111,38556.88398956111,222.87216178937058,322.8721617893706,173,12.42816091954023,100.0
^GSPTSE,S&P/TSX Composite index,RSI MODE,2000-01-01,2026-08-31,3000.0,12699.50097847667,9699.50097847667,323.31669928255565,423.31669928255565,30,2.1551724137931036,100.0
^GSPTSE,S&P/TSX Composite index,DCA MODE,2000-01-01,2026-08-31,1000.7189072609522,2859.2611795233756,1858.5422722624235,185.72071125840947,285.7207112584095,1392,0.7189072609633359,0.7189072609633357
^GSPTSE,S&P/TSX Composite index,Value Averaging Modified,2000-01-01,2026-08-31,144322.08778931916,423534.01483597903,279211.92704665987,193.464445618506,293.464445618506,1392,103.67966076818905,300.0
^IBEX,IBEX 35,RSI & MA MODE (MA: 30),1999-12-31,2026-08-31,2800.0,7964.838395621541,5164.838395621541,184.45851412934076,284.45851412934076,28,2.0114942528735633,100.0
^IBEX,IBEX 35,RSI & MA MODE (MA: 50),1999-12-31,2026-08-31,2800.0,7964.838395621541,5164.838395621541,184.45851412934076,284.45851412934076,28,2.0114942528735633,100.0
^IBEX,IBEX 35,RSI & MA MODE (MA: 200),1999-12-31,2026-08-31,1600.0,4366.020789144067,2766.020789144067,172.87629932150418,272.8762993215042,16,1.1494252873563218,100.0
^IBEX,IBEX 35,MA MODE (MA: 30),1999-12-31,2026-08-31,56300.0,129154.90959857585,72854.90959857585,129.40481278610275,229.40481278610275,563,40.445402298850574,100.0
^IBEX,IBEX 35,MA MODE (MA: 50),1999-12-31,2026-08-31,56100.0,131422.4067138466,75322.4067138466,134.26453959687453,234.2645395968745,561,40.30172413793103,100.0
^IBEX,IBEX 35,MA MODE (MA: 200),1999-12-31,2026-08-31,56800.0,130236.06456069885,73436.06456069885,129.2888460575684,229.28884605756838,568,40.804597701149426,100.0
^IBEX,IBEX 35,RSI MODE,1999-12-31,2026-08-31,2900.0,8145.460600595867,5245.460600595867,180.87795174468505,280.87795174468505,29,2.0833333333333335,100.0
^IBEX,IBEX 35,DCA MODE,1999-12-31,2026-08-31,1000.7189072609522,2109.662194838273,1108.943287577321,110.81466329167174,210.81466329167174,1392,0.7189072609633359,0.7189072609633357
^IBEX,IBEX 35,Value Averaging Modified,1999-12-31,2026-08-31,159282.169439452,350799.77369535266,191517.60425590066,120.23794309802037,220.23794309802037,1392,114.42684586167529,300.0
FTSEMIB.MI,FTSE MIB Index,RSI & MA MODE (MA: 30),1999-12-31,2026-08-31,5300.0,13542.391016057694,8242.391016057694,155.51681162373006,255.51681162373006,53,3.807471264367816,100.0
FTSEMIB.MI,FTSE MIB Index,RSI & MA MODE (MA: 50),1999-12-31,2026-08-31,5300.0,13542.391016057694,8242.391016057694,155.51681162373006,255.51681162373006,53,3.807471264367816,100.0
FTSEMIB.MI,FTSE MIB Index,RSI & MA MODE (MA: 200),1999-12-31,2026-08-31,3600.0,10074.838890192179,6474.838890192179,179.85663583867165,279.85663583867165,36,2.586206896551724,100.0
FTSEMIB.MI,FTSE MIB Index,MA MODE (MA: 30),1999-12-31,2026-08-31,55800.0,131415.50031005146,75615.50031005146,135.5116493011675,235.5116493011675,558,40.08620689655172,100.0
FTSEMIB.MI,FTSE MIB Index,MA MODE (MA: 50),1999-12-31,2026-08-31,54300.0,132678.5817001719,78378.5817001719,144.3436127074989,244.3436127074989,543,39.008620689655174,100.0
FTSEMIB.MI,FTSE MIB Index,MA MODE (MA: 200),1999-12-31,2026-08-31,48200.0,130433.07215061209,82233.07215061209,170.60803350749396,270.608033507494,482,34.62643678160919,100.0
FTSEMIB.MI,FTSE MIB Index,RSI MODE,1999-12-31,2026-08-31,5400.0,13673.67708137528,8273.67708137528,153.21624224769036,253.21624224769036,54,3.8793103448275863,100.0
FTSEMIB.MI,FTSE MIB Index,DCA MODE,1999-12-31,2026-08-31,1000.7189072609522,2157.659321000203,1156.9404137392507,115.61092783845659,215.61092783845658,1392,0.7189072609633359,0.7189072609633357
FTSEMIB.MI,FTSE MIB Index,Value Averaging Modified,1999-12-31,2026-08-31,173121.80737567274,398647.8739896892,225526.06661401648,130.27016644103477,230.27016644103475,1392,124.36911449401778,300.0
^KS11,KOSPI Composite Index,RSI & MA MODE (MA: 30),1999-12-31,2026-08-31,1900.0,8380.59411416289,6480.59411416289,341.08390074541524,441.0839007454153,19,1.3659237958303379,100.0
^KS11,KOSPI Composite Index,RSI & MA MODE (MA: 50),1999-12-31,2026-08-31,1800.0,7147.874725182997,5347.874725182997,297.1041513990554,397.1041513990554,18,1.2940330697340043,100.0
^KS11,KOSPI Composite Index,RSI & MA MODE (MA: 200),1999-12-31,2026-08-31,1500.0,6246.159181720164,4746.159181720164,316.4106121146776,416.41061211467763,15,1.0783608914450036,100.0
^KS11,KOSPI Composite Index,MA MODE (MA: 30),1999-12-31,2026-08-31,54100.0,279067.86151209864,224967.86151209864,415.8370822774467,515.8370822774467,541,38.89288281811646,100.0
^KS11,KOSPI Composite Index,MA MODE (MA: 50),1999-12-31,2026-08-31,50700.0,252725.85419765487,202025.85419765487,398.4730852024751,498.4730852024751,507,36.44859813084112,100.0
^KS11,KOSPI Composite Index,MA MODE (MA: 200),1999-12-31,2026-08-31,27500.0,96395.36217578116,68895.36217578116,250.5285897301133,350.5285897301133,275,19.769949676491734,100.0
^KS11,KOSPI Composite Index,RSI MODE,1999-12-31,2026-08-31,3300.0,20197.921899591016,16897.921899591016,512.058239381546,612.058239381546,33,2.3723939611790077,100.0
^KS11,KOSPI Composite Index,DCA MODE,1999-12-31,2026-08-31,999.9999999999889,4659.68839407594,3659.688394075951,365.96883940759915,465.96883940759915,1391,0.7189072609633359,0.7189072609633357
^KS11,KOSPI Composite Index,Value Averaging Modified,1999-12-31,2026-08-31,141964.33840402533,683284.4927792189,541320.1543751936,381.3071370322709,481.3071370322708,1391,102.05919367650995,300.0
^RUT, Russell 2000 Index,RSI & MA MODE (MA: 30),2000-01-01,2026-08-31,2600.0,13771.920614800874,11171.920614800874,429.6892544154183,529.6892544154183,26,1.867816091954023,100.0
^RUT, Russell 2000 Index,RSI & MA MODE (MA: 50),2000-01-01,2026-08-31,2600.0,13771.920614800874,11171.920614800874,429.6892544154183,529.6892544154183,26,1.867816091954023,100.0
^RUT, Russell 2000 Index,RSI & MA MODE (MA: 200),2000-01-01,2026-08-31,1400.0,6060.69460480054,4660.69460480054,332.9067574857529,432.9067574857529,14,1.0057471264367817,100.0
^RUT, Russell 2000 Index,MA MODE (MA: 30),2000-01-01,2026-08-31,47200.0,182662.24219022892,135462.24219022892,286.9962758267562,386.9962758267562,472,33.9080459770115,100.0
^RUT, Russell 2000 Index,MA MODE (MA: 50),2000-01-01,2026-08-31,44700.0,176499.90070191646,131799.90070191646,294.85436398639024,394.85436398639024,447,32.11206896551724,100.0
^RUT, Russell 2000 Index,MA MODE (MA: 200),2000-01-01,2026-08-31,19700.0,76592.16107780318,56892.161077803175,288.79269582641206,388.79269582641206,197,14.152298850574713,100.0
^RUT, Russell 2000 Index,RSI MODE,2000-01-01,2026-08-31,2700.0,14376.252884738486,11676.252884738486,432.4538105458698,532.4538105458698,27,1.9396551724137931,100.0
^RUT, Russell 2000 Index,DCA MODE,2000-01-01,2026-08-31,1000.7189072609522,3436.3918712343116,2435.6729639733594,243.39231989130607,343.3923198913061,1392,0.7189072609633359,0.7189072609633357
^RUT, Russell 2000 Index,Value Averaging Modified,2000-01-01,2026-08-31,146937.47844651403,533843.3046485309,386905.8262020169,263.31323382744216,363.31323382744216,1392,105.55853336674858,300.0
CL=F,Crude Oil Oct 26,RSI & MA MODE (MA: 30),2000-08-21,2026-08-31,6000.0,11773.187870302521,5773.187870302521,96.21979783837536,196.21979783837534,60,4.415011037527594,100.0
CL=F,Crude Oil Oct 26,RSI & MA MODE (MA: 50),2000-08-21,2026-08-31,6000.0,11773.187870302521,5773.187870302521,96.21979783837536,196.21979783837534,60,4.415011037527594,100.0
CL=F,Crude Oil Oct 26,RSI & MA MODE (MA: 200),2000-08-21,2026-08-31,5800.0,11560.347226435335,5760.347226435335,99.3163314902644,199.3163314902644,58,4.267844002943341,100.0
CL=F,Crude Oil Oct 26,MA MODE (MA: 30),2000-08-21,2026-08-31,57600.0,98003.97218089108,40403.97218089108,70.14578503626923,170.14578503626925,576,42.384105960264904,100.0
CL=F,Crude Oil Oct 26,MA MODE (MA: 50),2000-08-21,2026-08-31,54700.0,91921.14786729803,37221.14786729803,68.0459741632505,168.04597416325052,547,40.25018395879323,100.0
CL=F,Crude Oil Oct 26,MA MODE (MA: 200),2000-08-21,2026-08-31,40300.0,67168.47468141618,26868.474681416177,66.67115305562326,166.67115305562328,403,29.654157468727004,100.0
CL=F,Crude Oil Oct 26,RSI MODE,2000-08-21,2026-08-31,6100.0,12040.05214741737,5940.052147417369,97.37790405602244,197.37790405602246,61,4.488594554819721,100.0
CL=F,Crude Oil Oct 26,DCA MODE,2000-08-21,2026-08-31,976.9949676491631,1533.2396684598302,556.2447008106672,56.93424421101149,156.93424421101147,1359,0.7189072609633358,0.7189072609633357
CL=F,Crude Oil Oct 26,Value Averaging Modified,2000-08-21,2026-08-31,152870.55428746066,258404.48845627165,105533.93416881099,69.03483451127089,169.03483451127087,1359,112.48753074868334,300.0
GC=F,Gold Dec 26,RSI & MA MODE (MA: 30),2000-08-28,2026-08-31,700.0,2408.00537340275,1708.0053734027501,244.0007676289643,344.0007676289643,7,0.5154639175257731,100.0
GC=F,Gold Dec 26,RSI & MA MODE (MA: 50),2000-08-28,2026-08-31,700.0,2408.00537340275,1708.0053734027501,244.0007676289643,344.0007676289643,7,0.5154639175257731,100.0
GC=F,Gold Dec 26,RSI & MA MODE (MA: 200),2000-08-28,2026-08-31,600.0,2109.8907701174403,1509.8907701174403,251.64846168624004,351.64846168624007,6,0.4418262150220913,100.0
GC=F,Gold Dec 26,MA MODE (MA: 30),2000-08-28,2026-08-31,40800.0,192344.56587424205,151544.56587424205,371.4327594956913,471.4327594956913,408,30.04418262150221,100.0
GC=F,Gold Dec 26,MA MODE (MA: 50),2000-08-28,2026-08-31,34000.0,128503.84077734649,94503.84077734649,277.95247287454845,377.95247287454845,340,25.03681885125184,100.0
GC=F,Gold Dec 26,MA MODE (MA: 200),2000-08-28,2026-08-31,21600.0,78253.58333667423,56653.58333667423,262.2851080401585,362.2851080401585,216,15.905743740795288,100.0
GC=F,Gold Dec 26,RSI MODE,2000-08-28,2026-08-31,2900.0,39159.59888883572,36259.59888883572,1250.330996166749,1350.330996166749,29,2.1354933726067746,100.0
GC=F,Gold Dec 26,DCA MODE,2000-08-28,2026-08-31,976.2760603881998,5292.067016171505,4315.790955783305,442.0666582838469,542.0666582838469,1358,0.7189072609633358,0.7189072609633357
GC=F,Gold Dec 26,Value Averaging Modified,2000-08-28,2026-08-31,135906.7868282114,737951.583916158,602044.7970879466,442.9836148278172,542.9836148278172,1358,100.07863536687142,126.97259090228545
SI=F,Silver Dec 26,RSI & MA MODE (MA: 30),2000-08-28,2026-08-31,3200.0,15509.584142764163,12309.584142764163,384.6745044613801,484.6745044613801,32,2.3564064801178204,100.0
SI=F,Silver Dec 26,RSI & MA MODE (MA: 50),2000-08-28,2026-08-31,2900.0,10855.708626154486,7955.708626154486,274.3347802122237,374.3347802122237,29,2.1354933726067746,100.0
SI=F,Silver Dec 26,RSI & MA MODE (MA: 200),2000-08-28,2026-08-31,2900.0,10855.708626154486,7955.708626154486,274.3347802122237,374.3347802122237,29,2.1354933726067746,100.0
SI=F,Silver Dec 26,MA MODE (MA: 30),2000-08-28,2026-08-31,56900.0,309179.5255182449,252279.5255182449,443.37350706194184,543.3735070619418,569,41.89985272459499,100.0
SI=F,Silver Dec 26,MA MODE (MA: 50),2000-08-28,2026-08-31,52600.0,257341.77509878192,204741.77509878192,389.24291843874886,489.2429184387489,526,38.73343151693667,100.0
SI=F,Silver Dec 26,MA MODE (MA: 200),2000-08-28,2026-08-31,37300.0,151244.10538170725,113944.10538170725,305.4801752860784,405.48017528607846,373,27.46686303387334,100.0
SI=F,Silver Dec 26,RSI MODE,2000-08-28,2026-08-31,5800.0,52778.66060703361,46978.66060703361,809.9769070178208,909.9769070178208,58,4.270986745213549,100.0
SI=F,Silver Dec 26,DCA MODE,2000-08-28,2026-08-31,976.2760603881998,5231.974490775693,4255.698430387493,435.9113782525084,535.9113782525085,1358,0.7189072609633358,0.7189072609633357
SI=F,Silver Dec 26,Value Averaging Modified,2000-08-28,2026-08-31,136458.81600767787,738128.14927872,601669.3332710422,440.9164250972171,540.916425097217,1358,100.48513697178046,205.0622828354626
PFE,Pfizer Inc.,RSI & MA MODE (MA: 30),2000-01-01,2026-08-31,3900.0,5019.509215456297,1119.5092154562972,28.705364498879415,128.70536449887942,39,2.8017241379310347,100.0
PFE,Pfizer Inc.,RSI & MA MODE (MA: 50),2000-01-01,2026-08-31,3900.0,5019.509215456297,1119.5092154562972,28.705364498879415,128.70536449887942,39,2.8017241379310347,100.0
PFE,Pfizer Inc.,RSI & MA MODE (MA: 200),2000-01-01,2026-08-31,3800.0,4908.862794961748,1108.8627949617476,29.180599867414408,129.1805998674144,38,2.7298850574712645,100.0
PFE,Pfizer Inc.,MA MODE (MA: 30),2000-01-01,2026-08-31,66700.0,72312.02328700438,5612.023287004384,8.413828016498325,108.41382801649833,667,47.916666666666664,100.0
PFE,Pfizer Inc.,MA MODE (MA: 50),2000-01-01,2026-08-31,66600.0,73284.423414446,6684.423414446006,10.036671793462473,110.03667179346249,666,47.8448275862069,100.0
PFE,Pfizer Inc.,MA MODE (MA: 200),2000-01-01,2026-08-31,61300.0,75356.05172766338,14056.051727663376,22.929937565519374,122.92993756551938,613,44.03735632183908,100.0
PFE,Pfizer Inc.,RSI MODE,2000-01-01,2026-08-31,4000.0,5105.524780774167,1105.524780774167,27.638119519354177,127.63811951935418,40,2.8735632183908044,100.0
PFE,Pfizer Inc.,DCA MODE,2000-01-01,2026-08-31,1000.7189072609522,1035.5019612657366,34.78305400478439,3.4758066178631912,103.4758066178632,1392,0.7189072609633359,0.7189072609633357
PFE,Pfizer Inc.,Value Averaging Modified,2000-01-01,2026-08-31,169197.8412487584,188935.41326885315,19737.572020094754,11.66538052401989,111.66538052401988,1392,121.55017331088966,300.0
IDR.MC,"Indra Sistemas, S.A.",RSI & MA MODE (MA: 30),2000-10-01,2026-08-31,4800.0,38719.58081301729,33919.58081301729,706.6579336045268,806.6579336045269,48,3.5476718403547673,100.0
IDR.MC,"Indra Sistemas, S.A.",RSI & MA MODE (MA: 50),2000-10-01,2026-08-31,4500.0,36574.03976758922,32074.039767589224,712.7564392797606,812.7564392797606,45,3.3259423503325944,100.0
IDR.MC,"Indra Sistemas, S.A.",RSI & MA MODE (MA: 200),2000-10-01,2026-08-31,3200.0,24624.67231398606,21424.67231398606,669.5210098120643,769.5210098120643,32,2.3651145602365116,100.0
IDR.MC,"Indra Sistemas, S.A.",MA MODE (MA: 30),2000-10-01,2026-08-31,59100.0,349517.2272628343,290417.2272628343,491.39970772053186,591.3997077205319,591,43.68070953436807,100.0
IDR.MC,"Indra Sistemas, S.A.",MA MODE (MA: 50),2000-10-01,2026-08-31,56300.0,344234.9468909023,287934.9468909023,511.4297458097732,611.4297458097732,563,41.61123429416112,100.0
IDR.MC,"Indra Sistemas, S.A.",MA MODE (MA: 200),2000-10-01,2026-08-31,53000.0,330627.338808235,277627.338808235,523.8251675627076,623.8251675627076,530,39.17220990391722,100.0
IDR.MC,"Indra Sistemas, S.A.",RSI MODE,2000-10-01,2026-08-31,6900.0,51053.06003291214,44153.06003291214,639.8994207668426,739.8994207668426,69,5.099778270509978,100.0
IDR.MC,"Indra Sistemas, S.A.",DCA MODE,2000-10-01,2026-08-31,972.6815240833832,5230.434057761584,4257.752533678201,437.7334644749769,537.7334644749769,1353,0.7189072609633359,0.7189072609633357
IDR.MC,"Indra Sistemas, S.A.",Value Averaging Modified,2000-10-01,2026-08-31,169897.21856977965,1008154.6438005463,838257.4252307666,493.39090556475486,593.3909055647549,1353,125.57074543220965,300.0
ACX.MC,"Acerinox, S.A.",RSI & MA MODE (MA: 30),2000-01-02,2026-08-31,3800.0,7989.77546601477,4189.77546601477,110.25724910565185,210.25724910565185,38,2.7298850574712645,100.0
ACX.MC,"Acerinox, S.A.",RSI & MA MODE (MA: 50),2000-01-02,2026-08-31,3800.0,7989.77546601477,4189.77546601477,110.25724910565185,210.25724910565185,38,2.7298850574712645,100.0
ACX.MC,"Acerinox, S.A.",RSI & MA MODE (MA: 200),2000-01-02,2026-08-31,3600.0,7570.968361674163,3970.968361674163,110.30467671317119,210.3046767131712,36,2.586206896551724,100.0
ACX.MC,"Acerinox, S.A.",MA MODE (MA: 30),2000-01-02,2026-08-31,65300.0,119871.70584209485,54571.705842094845,83.57075932939486,183.57075932939486,653,46.910919540229884,100.0
ACX.MC,"Acerinox, S.A.",MA MODE (MA: 50),2000-01-02,2026-08-31,64100.0,119567.22590762086,55467.22590762086,86.53233370923691,186.5323337092369,641,46.048850574712645,100.0
ACX.MC,"Acerinox, S.A.",MA MODE (MA: 200),2000-01-02,2026-08-31,56200.0,104635.92349916464,48435.92349916464,86.18491725830006,186.18491725830006,562,40.37356321839081,100.0
ACX.MC,"Acerinox, S.A.",RSI MODE,2000-01-02,2026-08-31,5100.0,10560.571712160576,5460.571712160576,107.07003357177601,207.07003357177598,51,3.663793103448276,100.0
ACX.MC,"Acerinox, S.A.",DCA MODE,2000-01-02,2026-08-31,1000.7189072609522,1713.4351941579616,712.7162868970095,71.22042780702236,171.22042780702236,1392,0.7189072609633359,0.7189072609633357
ACX.MC,"Acerinox, S.A.",Value Averaging Modified,2000-01-02,2026-08-31,170912.1619779296,310301.7641424361,139389.6021645065,81.55628046089916,181.55628046089916,1392,122.78172555885745,300.0
REPYY,"Repsol, S.A.",RSI & MA MODE (MA: 30),2000-01-01,2026-08-31,5700.0,12622.877569162509,6922.877569162509,121.45399244144753,221.4539924414475,57,4.094827586206897,100.0
REPYY,"Repsol, S.A.",RSI & MA MODE (MA: 50),2000-01-01,2026-08-31,5300.0,11831.995802933305,6531.995802933305,123.24520382893027,223.24520382893027,53,3.807471264367816,100.0
REPYY,"Repsol, S.A.",RSI & MA MODE (MA: 200),2000-01-01,2026-08-31,5200.0,11616.974703311567,6416.974703311567,123.40335967906859,223.4033596790686,52,3.735632183908046,100.0
REPYY,"Repsol, S.A.",MA MODE (MA: 30),2000-01-01,2026-08-31,60600.0,121920.92196767427,61320.921967674265,101.18964021068359,201.1896402106836,606,43.53448275862069,100.0
REPYY,"Repsol, S.A.",MA MODE (MA: 50),2000-01-01,2026-08-31,57600.0,118287.00057250666,60687.00057250666,105.35937599393517,205.35937599393517,576,41.37931034482759,100.0
REPYY,"Repsol, S.A.",MA MODE (MA: 200),2000-01-01,2026-08-31,57700.0,119764.53145585953,62064.53145585953,107.56417929958324,207.56417929958323,577,41.451149425287355,100.0
REPYY,"Repsol, S.A.",RSI MODE,2000-01-01,2026-08-31,8000.0,16266.563370580345,8266.563370580345,103.33204213225432,203.33204213225434,80,5.747126436781609,100.0
REPYY,"Repsol, S.A.",DCA MODE,2000-01-01,2026-08-31,1000.7189072609522,1809.4396136376104,808.7207063766582,80.81397288577185,180.81397288577185,1392,0.7189072609633359,0.7189072609633357
REPYY,"Repsol, S.A.",Value Averaging Modified,2000-01-01,2026-08-31,181426.86403662112,367745.3241128237,186318.46007620258,102.69618067068286,202.69618067068285,1392,130.33539083090596,300.0
SAN,"Banco Santander, S.A.",RSI & MA MODE (MA: 30),2000-01-01,2026-08-31,5500.0,18620.925200301288,13120.925200301288,238.56227636911433,338.56227636911433,55,3.9511494252873565,100.0
SAN,"Banco Santander, S.A.",RSI & MA MODE (MA: 50),2000-01-01,2026-08-31,5500.0,18620.925200301288,13120.925200301288,238.56227636911433,338.56227636911433,55,3.9511494252873565,100.0
SAN,"Banco Santander, S.A.",RSI & MA MODE (MA: 200),2000-01-01,2026-08-31,5100.0,17541.67788540556,12441.67788540556,243.9544683412855,343.9544683412855,51,3.663793103448276,100.0
SAN,"Banco Santander, S.A.",MA MODE (MA: 30),2000-01-01,2026-08-31,63500.0,166806.77684995305,103306.77684995305,162.6878375589812,262.6878375589812,635,45.617816091954026,100.0
SAN,"Banco Santander, S.A.",MA MODE (MA: 50),2000-01-01,2026-08-31,62700.0,167878.58403909864,105178.58403909864,167.74893786140134,267.7489378614014,627,45.043103448275865,100.0
SAN,"Banco Santander, S.A.",MA MODE (MA: 200),2000-01-01,2026-08-31,66300.0,191234.90418335714,124934.90418335714,188.43876950732601,288.438769507326,663,47.62931034482759,100.0
SAN,"Banco Santander, S.A.",RSI MODE,2000-01-01,2026-08-31,7500.0,21443.500484463428,13943.500484463428,185.9133397928457,285.9133397928457,75,5.387931034482759,100.0
SAN,"Banco Santander, S.A.",DCA MODE,2000-01-01,2026-08-31,1000.7189072609522,2274.136759281656,1273.4178520207038,127.25030403454159,227.25030403454159,1392,0.7189072609633359,0.7189072609633357
SAN,"Banco Santander, S.A.",Value Averaging Modified,2000-01-01,2026-08-31,219111.1329953653,599332.7513890042,380221.61839363887,173.52911885206737,273.52911885206737,1392,157.4074231288544,300.0
BKT.MC,"Bankinter, S.A.",RSI & MA MODE (MA: 30),2000-01-02,2026-08-31,3600.0,31462.606569918466,27862.606569918466,773.9612936088463,873.9612936088463,36,2.586206896551724,100.0
BKT.MC,"Bankinter, S.A.",RSI & MA MODE (MA: 50),2000-01-02,2026-08-31,3600.0,31462.606569918466,27862.606569918466,773.9612936088463,873.9612936088463,36,2.586206896551724,100.0
BKT.MC,"Bankinter, S.A.",RSI & MA MODE (MA: 200),2000-01-02,2026-08-31,2600.0,22979.59403194743,20379.59403194743,783.8305396902857,883.8305396902857,26,1.867816091954023,100.0
BKT.MC,"Bankinter, S.A.",MA MODE (MA: 30),2000-01-02,2026-08-31,59700.0,390316.11841547675,330616.11841547675,553.7958432420046,653.7958432420046,597,42.88793103448276,100.0
BKT.MC,"Bankinter, S.A.",MA MODE (MA: 50),2000-01-02,2026-08-31,60400.0,439184.3244649699,378784.3244649699,627.1263650082284,727.1263650082284,604,43.39080459770115,100.0
BKT.MC,"Bankinter, S.A.",MA MODE (MA: 200),2000-01-02,2026-08-31,50500.0,432566.8142510508,382066.8142510508,756.5679490119818,856.5679490119818,505,36.27873563218391,100.0
BKT.MC,"Bankinter, S.A.",RSI MODE,2000-01-02,2026-08-31,3700.0,31545.688623241975,27845.688623241975,752.5861790065399,852.5861790065399,37,2.6580459770114944,100.0
BKT.MC,"Bankinter, S.A.",DCA MODE,2000-01-02,2026-08-31,1000.7189072609522,5558.694516561706,4557.9756093007545,455.47012015355034,555.4701201535503,1392,0.7189072609633359,0.7189072609633357
BKT.MC,"Bankinter, S.A.",Value Averaging Modified,2000-01-02,2026-08-31,180094.16221365638,1250156.616454856,1070062.4542411997,594.168317889017,694.1683178890169,1392,129.37799009601753,300.0
GEST.MC,"Gestamp Automoción, S.A.",RSI & MA MODE (MA: 30),2017-04-02,2026-08-31,1900.0,1982.2976056798616,82.29760567986159,4.331452930519031,104.33145293051905,19,3.861788617886179,100.0
GEST.MC,"Gestamp Automoción, S.A.",RSI & MA MODE (MA: 50),2017-04-02,2026-08-31,1900.0,1982.2976056798616,82.29760567986159,4.331452930519031,104.33145293051905,19,3.861788617886179,100.0
GEST.MC,"Gestamp Automoción, S.A.",RSI & MA MODE (MA: 200),2017-04-02,2026-08-31,900.0,906.8789005964823,6.878900596482254,0.7643222884980282,100.76432228849804,9,1.829268292682927,100.0
GEST.MC,"Gestamp Automoción, S.A.",MA MODE (MA: 30),2017-04-02,2026-08-31,27200.0,24102.8270040111,-3097.1729959889017,-11.386665426429786,88.61333457357021,272,55.28455284552845,100.0
GEST.MC,"Gestamp Automoción, S.A.",MA MODE (MA: 50),2017-04-02,2026-08-31,26700.0,24474.234478773018,-2225.765521226982,-8.33620045403364,91.66379954596636,267,54.26829268292683,100.0
GEST.MC,"Gestamp Automoción, S.A.",MA MODE (MA: 200),2017-04-02,2026-08-31,23200.0,21618.91708070578,-1581.0829192942183,-6.815012583164734,93.18498741683527,232,47.15447154471545,100.0
GEST.MC,"Gestamp Automoción, S.A.",RSI MODE,2017-04-02,2026-08-31,3200.0,2686.8890672305047,-513.1109327694953,-16.03471664904673,83.96528335095327,32,6.504065040650406,100.0
GEST.MC,"Gestamp Automoción, S.A.",DCA MODE,2017-04-02,2026-08-31,353.70237239396437,288.41224062902495,-65.29013176493942,-18.459059610778436,81.54094038922156,492,0.7189072609633359,0.7189072609633357
GEST.MC,"Gestamp Automoción, S.A.",Value Averaging Modified,2017-04-02,2026-08-31,65270.31941045874,56854.22397935703,-8416.095431101705,-12.894215176390164,87.10578482360984,492,132.66325083426574,300.0
ITX.MC,"Industria de Diseño Textil, S.A.",RSI & MA MODE (MA: 30),2001-05-20,2026-08-31,3300.0,26329.83512678598,23029.83512678598,697.8737917207873,797.8737917207873,33,2.5,100.0
ITX.MC,"Industria de Diseño Textil, S.A.",RSI & MA MODE (MA: 50),2001-05-20,2026-08-31,3300.0,26329.83512678598,23029.83512678598,697.8737917207873,797.8737917207873,33,2.5,100.0
ITX.MC,"Industria de Diseño Textil, S.A.",RSI & MA MODE (MA: 200),2001-05-20,2026-08-31,1900.0,7429.025872048711,5529.025872048711,291.00136168677426,391.00136168677426,19,1.4393939393939394,100.0
ITX.MC,"Industria de Diseño Textil, S.A.",MA MODE (MA: 30),2001-05-20,2026-08-31,42400.0,235024.63160906037,192624.63160906037,454.30337643646317,554.3033764364632,424,32.121212121212125,100.0
ITX.MC,"Industria de Diseño Textil, S.A.",MA MODE (MA: 50),2001-05-20,2026-08-31,40000.0,226107.54957764063,186107.54957764063,465.26887394410153,565.2688739441015,400,30.303030303030305,100.0
ITX.MC,"Industria de Diseño Textil, S.A.",MA MODE (MA: 200),2001-05-20,2026-08-31,25900.0,104741.94582249137,78841.94582249137,304.40905722969643,404.40905722969643,259,19.62121212121212,100.0
ITX.MC,"Industria de Diseño Textil, S.A.",RSI MODE,2001-05-20,2026-08-31,3400.0,27941.717453383295,24541.717453383295,721.8152192171558,821.8152192171557,34,2.5757575757575757,100.0
ITX.MC,"Industria de Diseño Textil, S.A.",DCA MODE,2001-05-20,2026-08-31,948.9575844715941,5252.855925414474,4303.89834094288,453.53959032209116,553.539590322091,1320,0.7189072609633358,0.7189072609633357
ITX.MC,"Industria de Diseño Textil, S.A.",Value Averaging Modified,2001-05-20,2026-08-31,135279.95874476287,787873.88201689,652593.923272127,482.40251499735996,582.40251499736,1320,102.48481723088099,300.0
GE,GE Aerospace,RSI & MA MODE (MA: 30),2000-01-01,2026-08-31,6900.0,36901.91510185007,30001.91510185007,434.81036379492855,534.8103637949285,69,4.956896551724138,100.0
GE,GE Aerospace,RSI & MA MODE (MA: 50),2000-01-01,2026-08-31,6900.0,36901.91510185007,30001.91510185007,434.81036379492855,534.8103637949285,69,4.956896551724138,100.0
GE,GE Aerospace,RSI & MA MODE (MA: 200),2000-01-01,2026-08-31,6700.0,36414.997945991534,29714.997945991534,443.5074320297244,543.5074320297244,67,4.813218390804598,100.0
GE,GE Aerospace,MA MODE (MA: 30),2000-01-01,2026-08-31,61800.0,242764.95420254325,180964.95420254325,292.8235504895522,392.8235504895522,618,44.39655172413793,100.0
GE,GE Aerospace,MA MODE (MA: 50),2000-01-01,2026-08-31,58000.0,240718.7700670523,182718.7700670523,315.03236218457295,415.032362184573,580,41.666666666666664,100.0
GE,GE Aerospace,MA MODE (MA: 200),2000-01-01,2026-08-31,48000.0,243873.53899705037,195873.53899705037,408.0698729105216,508.0698729105216,480,34.48275862068966,100.0
GE,GE Aerospace,RSI MODE,2000-01-01,2026-08-31,7700.0,38120.190965904025,30420.190965904025,395.0674151416107,495.06741514161075,77,5.531609195402299,100.0
GE,GE Aerospace,DCA MODE,2000-01-01,2026-08-31,1000.7189072609522,3405.873057303667,2405.1541500427147,240.34263094177112,340.3426309417711,1392,0.7189072609633359,0.7189072609633357
GE,GE Aerospace,Value Averaging Modified,2000-01-01,2026-08-31,203092.04054667696,845220.9376648787,642128.8971182017,316.17629887894117,416.17629887894117,1392,145.8994544157162,300.0
BB,BlackBerry Limited,RSI & MA MODE (MA: 30),2000-01-01,2026-08-31,6900.0,5320.196896656549,-1579.8031033434509,-22.895697149905082,77.10430285009492,69,4.956896551724138,100.0
BB,BlackBerry Limited,RSI & MA MODE (MA: 50),2000-01-01,2026-08-31,6900.0,5320.196896656549,-1579.8031033434509,-22.895697149905082,77.10430285009492,69,4.956896551724138,100.0
BB,BlackBerry Limited,RSI & MA MODE (MA: 200),2000-01-01,2026-08-31,6700.0,5293.0662800105965,-1406.9337199894035,-20.9990107461105,79.0009892538895,67,4.813218390804598,100.0
BB,BlackBerry Limited,MA MODE (MA: 30),2000-01-01,2026-08-31,71500.0,93783.96887062519,22283.96887062519,31.16639002884642,131.16639002884642,715,51.36494252873563,100.0
BB,BlackBerry Limited,MA MODE (MA: 50),2000-01-01,2026-08-31,74100.0,102982.53747700735,28882.537477007354,38.977783369780504,138.9777833697805,741,53.23275862068966,100.0
BB,BlackBerry Limited,MA MODE (MA: 200),2000-01-01,2026-08-31,71600.0,87625.57610767955,16025.576107679546,22.382089535865287,122.38208953586529,716,51.4367816091954,100.0
BB,BlackBerry Limited,RSI MODE,2000-01-01,2026-08-31,7000.0,5420.577358268242,-1579.4226417317577,-22.563180596167967,77.43681940383203,70,5.028735632183908,100.0
BB,BlackBerry Limited,DCA MODE,2000-01-01,2026-08-31,1000.7189072609522,1105.8239979351756,105.10509067422345,10.502958414356785,110.50295841435678,1392,0.7189072609633359,0.7189072609633357
BB,BlackBerry Limited,Value Averaging Modified,2000-01-01,2026-08-31,196167.25285009452,286001.936305324,89834.6834552295,45.79494393178796,145.79494393178797,1392,140.92475061070007,300.0
GM,General Motors Company,RSI & MA MODE (MA: 30),2010-11-15,2026-08-31,1900.0,6992.947692289896,5092.947692289896,268.0498785415735,368.0498785415735,19,2.303030303030303,100.0
GM,General Motors Company,RSI & MA MODE (MA: 50),2010-11-15,2026-08-31,800.0,2936.853303492484,2136.853303492484,267.1066629365605,367.1066629365605,8,0.9696969696969697,100.0
GM,General Motors Company,RSI & MA MODE (MA: 200),2010-11-15,2026-08-31,800.0,2936.853303492484,2136.853303492484,267.1066629365605,367.1066629365605,8,0.9696969696969697,100.0
GM,General Motors Company,MA MODE (MA: 30),2010-11-15,2026-08-31,36600.0,98459.69156664412,61859.69156664412,169.01555072853586,269.01555072853586,366,44.36363636363637,100.0
GM,General Motors Company,MA MODE (MA: 50),2010-11-15,2026-08-31,33800.0,92820.70049356781,59020.70049356781,174.61745708156158,274.61745708156155,338,40.96969696969697,100.0
GM,General Motors Company,MA MODE (MA: 200),2010-11-15,2026-08-31,22200.0,59824.32767026309,37624.32767026309,169.47895346965356,269.47895346965356,222,26.90909090909091,100.0
GM,General Motors Company,RSI MODE,2010-11-15,2026-08-31,3300.0,10723.717410776682,7423.717410776682,224.96113365989947,324.9611336598995,33,4.0,100.0
GM,General Motors Company,DCA MODE,2010-11-15,2026-08-31,593.0984902947578,1433.7059195048037,840.6074292100459,141.7315071552924,241.73150715529243,825,0.7189072609633359,0.7189072609633357
GM,General Motors Company,Value Averaging Modified,2010-11-15,2026-08-31,90169.62035780886,227506.55170278248,137336.93134497362,152.30953707024227,252.3095370702423,825,109.2965095246168,300.0
EGRNF,China Evergrande Group,RSI & MA MODE (MA: 30),2010-05-03,2026-08-24,4500.0,2.3954036611465876,-4497.604596338853,-99.94676880753008,0.05323119246992417,45,5.28169014084507,100.0
EGRNF,China Evergrande Group,RSI & MA MODE (MA: 50),2010-05-03,2026-08-24,4500.0,2.3954036611465876,-4497.604596338853,-99.94676880753008,0.05323119246992417,45,5.28169014084507,100.0
EGRNF,China Evergrande Group,RSI & MA MODE (MA: 200),2010-05-03,2026-08-24,3400.0,2.288770499445906,-3397.711229500554,-99.93268322060453,0.06731677939546782,34,3.9906103286384975,100.0
EGRNF,China Evergrande Group,MA MODE (MA: 30),2010-05-03,2026-08-24,39200.0,6468.297402781571,-32731.702597218427,-83.49924131943476,16.50075868056523,392,46.009389671361504,100.0
EGRNF,China Evergrande Group,MA MODE (MA: 50),2010-05-03,2026-08-24,38000.0,8464.143540296609,-29535.85645970339,-77.72593805185103,22.274061948148972,380,44.60093896713615,100.0
EGRNF,China Evergrande Group,MA MODE (MA: 200),2010-05-03,2026-08-24,33400.0,11578.863232511148,-21821.136767488853,-65.33274481284089,34.66725518715913,334,39.201877934272304,100.0
EGRNF,China Evergrande Group,RSI MODE,2010-05-03,2026-08-24,5100.0,2.5981549787639677,-5097.401845021236,-99.94905578473012,0.050944215269881715,51,5.985915492957746,100.0
EGRNF,China Evergrande Group,DCA MODE,2010-05-03,2026-08-24,612.508986340767,83.30687987211552,-529.2021064686516,-86.39907630256906,13.600923697430956,852,0.7189072609633358,0.7189072609633357
EGRNF,China Evergrande Group,Value Averaging Modified,2010-05-03,2026-08-24,111219.98265817743,34608.37352144603,-76611.6091367314,-68.88295367945604,31.117046320543963,852,130.53988574903454,300.0
